日期,成交股數,成交金額,開盤價,最高價,最低價,收盤價,漲跌價差,成交筆數
106/01/03,"7,751,041","201,595,267",25.40,26.40,25.35,26.35,+1.15,"3,792"
106/01/04,"5,872,483","155,642,697",26.40,26.65,26.25,26.50,+0.15,"3,348"
106/01/05,"6,843,635","183,392,102",26.65,26.90,26.55,26.90,+0.40,"3,415"
106/01/06,"9,319,434","252,221,203",27.05,27.15,26.95,27.10,+0.20,"3,899"
106/01/09,"6,333,465","169,917,452",27.05,27.05,26.70,26.70,-0.40,"2,796"
106/01/10,"3,824,742","102,544,630",26.75,26.90,26.75,26.80,+0.10,"2,284"
106/01/11,"3,454,923","92,754,682",26.85,27.00,26.70,26.95,+0.15,"1,928"
106/01/12,"5,610,665","149,999,440",26.70,26.85,26.65,26.70,-0.25,"2,740"
106/01/13,"5,709,155","150,467,170",26.45,26.60,26.25,26.25,-0.45,"3,062"
106/01/16,"4,685,406","123,112,221",26.10,26.45,26.05,26.45,+0.20,"2,914"
106/01/17,"2,411,529","63,953,166",26.25,26.65,26.25,26.55,+0.10,"1,600"
106/01/18,"5,503,917","147,468,326",26.60,26.95,26.50,26.85,+0.30,"3,034"
106/01/19,"2,755,138","73,606,912",26.90,26.95,26.55,26.55,-0.30,"1,669"
106/01/20,"2,087,139","55,245,415",26.50,26.65,26.40,26.45,-0.10,"1,427"
106/01/23,"3,365,054","89,259,263",26.80,26.80,26.40,26.45, 0.00,"1,722"
106/01/24,"8,719,255","234,702,385",26.50,27.15,26.50,27.00,+0.55,"4,190"
106/02/02,"7,399,923","202,212,095",27.15,27.45,27.10,27.30,+0.30,"3,337"
106/02/03,"5,619,101","154,157,902",27.30,27.60,27.20,27.40,+0.10,"2,888"
106/02/06,"15,203,000","426,856,350",27.40,28.45,27.40,28.15,+0.75,"5,865"
106/02/07,"24,961,724","714,642,211",28.20,28.90,28.15,28.75,+0.60,"7,896"
106/02/08,"10,802,904","310,403,349",28.75,28.95,28.25,28.70,-0.05,"3,938"
106/02/09,"10,973,472","317,181,574",28.70,29.00,28.70,28.90,+0.20,"5,081"
106/02/10,"13,006,931","377,922,142",29.20,29.20,28.65,28.65,-0.25,"5,326"
106/02/13,"15,128,649","445,071,862",28.90,29.75,28.75,29.50,+0.85,"7,189"
106/02/14,"10,885,500","319,242,509",29.40,29.70,29.05,29.10,-0.40,"3,886"
106/02/15,"14,715,179","435,054,211",29.15,29.80,29.10,29.70,+0.60,"6,564"
106/02/16,"8,145,204","240,392,794",30.00,30.00,29.25,29.85,+0.15,"3,400"
106/02/17,"10,652,396","312,597,084",29.85,29.85,29.15,29.35,-0.50,"3,893"
106/02/18,"4,545,443","133,648,852",29.25,29.65,29.10,29.30,-0.05,"1,511"
106/02/20,"6,622,844","193,342,526",29.55,29.60,29.00,29.00,-0.30,"2,936"
106/02/21,"5,625,667","161,921,242",29.00,29.20,28.45,28.90,-0.10,"2,726"
106/02/22,"5,458,891","158,683,650",29.15,29.30,28.90,29.30,+0.40,"2,508"
106/02/23,"6,998,723","202,143,434",28.95,29.25,28.65,28.65,-0.65,"3,186"
106/02/24,"4,141,735","119,451,580",28.75,28.95,28.70,28.75,+0.10,"2,643"
106/03/01,"5,135,813","146,682,504",28.85,28.90,28.35,28.70,-0.05,"2,345"
106/03/02,"4,458,869","126,774,634",28.95,28.95,28.25,28.30,-0.40,"2,213"
106/03/03,"16,013,751","444,620,315",28.10,28.20,27.50,27.60,-0.70,"5,335"
106/03/06,"11,817,294","327,679,829",28.00,28.05,27.50,27.65,+0.05,"4,770"
106/03/07,"9,430,664","260,421,504",27.60,27.80,27.45,27.55,-0.10,"4,189"
106/03/08,"10,493,040","291,825,228",27.60,28.20,27.35,28.05,+0.50,"3,945"
106/03/09,"10,586,359","292,459,802",28.00,28.00,27.50,27.60,-0.45,"4,593"
106/03/10,"7,905,314","216,024,270",27.60,27.60,27.15,27.25,-0.35,"3,915"
106/03/13,"6,249,425","173,174,543",27.40,27.85,27.30,27.70,+0.45,"3,250"
106/03/14,"8,149,870","225,967,909",27.70,27.90,27.55,27.65,-0.05,"3,789"
106/03/15,"6,388,815","177,417,767",27.75,27.90,27.65,27.75,+0.10,"2,933"
106/03/16,"20,271,620","566,097,889",27.90,28.30,27.70,27.70,-0.05,"4,328"
106/03/17,"15,824,441","434,022,924",27.70,27.70,27.30,27.40,-0.30,"7,577"
106/03/20,"4,846,692","133,227,572",27.40,27.60,27.35,27.50,+0.10,"2,123"
106/03/21,"8,313,065","227,992,032",27.45,27.60,27.30,27.40,-0.10,"4,173"
106/03/22,"7,022,850","191,077,859",27.25,27.50,26.85,27.35,-0.05,"3,306"
106/03/23,"9,228,580","252,830,686",27.35,27.60,27.30,27.40,+0.05,"4,076"
106/03/24,"5,608,884","154,907,452",27.50,27.70,27.40,27.70,+0.30,"2,210"
106/03/27,"3,834,498","105,960,250",27.80,27.85,27.50,27.50,-0.20,"1,912"
106/03/28,"6,043,852","167,176,021",27.55,27.95,27.45,27.70,+0.20,"2,421"
106/03/29,"6,968,616","194,043,687",27.80,27.95,27.70,27.95,+0.25,"3,556"
106/03/30,"5,835,639","163,165,715",28.00,28.10,27.80,28.10,+0.15,"2,625"
106/03/31,"3,416,422","95,636,533",28.10,28.10,27.90,28.00,-0.10,"1,626"
106/04/05,"5,051,008","141,026,876",28.00,28.10,27.80,27.90,-0.10,"2,276"
106/04/06,"2,882,875","80,263,585",27.90,28.05,27.70,27.95,+0.05,"1,317"
106/04/07,"3,231,404","89,614,500",27.90,27.90,27.60,27.65,-0.30,"1,523"
106/04/10,"4,197,720","116,019,159",27.75,27.80,27.45,27.55,-0.10,"1,493"
106/04/11,"4,474,001","122,871,260",27.55,27.75,27.30,27.45,-0.10,"1,982"
106/04/12,"6,357,247","172,271,683",27.25,27.35,27.00,27.10,-0.35,"2,924"
106/04/13,"1,906,014","51,517,467",26.85,27.15,26.85,27.05,-0.05,920
106/04/14,"4,983,430","133,420,305",27.00,27.15,26.50,26.80,-0.25,"2,240"
106/04/17,"5,138,125","135,483,887",26.75,26.85,26.20,26.35,-0.45,"2,045"
106/04/18,"5,526,271","146,831,177",26.60,26.90,26.40,26.90,+0.55,"2,122"
106/04/19,"4,676,047","126,194,139",26.75,27.20,26.70,26.95,+0.05,"1,902"
106/04/20,"5,827,082","158,672,252",26.90,27.55,26.90,27.10,+0.15,"2,995"
106/04/21,"5,355,130","146,801,753",27.40,27.55,27.20,27.45,+0.35,"3,638"
106/04/24,"6,028,609","162,697,939",27.30,27.40,26.80,26.85,-0.60,"2,752"
106/04/25,"6,462,483","174,195,234",26.80,27.20,26.70,27.20,+0.35,"2,854"
106/04/26,"23,102,133","626,248,285",27.00,27.20,26.90,27.15,-0.05,"1,838"
106/04/27,"4,412,678","120,084,081",27.10,27.35,27.10,27.25,+0.10,"1,655"
106/04/28,"1,781,207","48,488,075",27.15,27.35,27.10,27.25, 0.00,631
106/05/02,"41,659,260","1,194,469,528",28.40,29.00,28.10,28.75,+1.50,"12,752"
106/05/03,"17,424,260","505,310,810",29.30,29.40,28.70,28.80,+0.05,"6,119"
106/05/04,"13,268,982","378,380,874",29.00,29.00,28.30,28.65,-0.15,"4,623"
106/05/05,"19,353,767","562,215,280",28.80,29.25,28.65,29.20,+0.55,"6,438"
106/05/08,"38,468,593","1,136,676,453",29.75,29.90,29.20,29.60,+0.40,"11,115"
106/05/09,"16,180,244","476,858,863",29.60,29.75,29.30,29.50,-0.10,"6,437"
106/05/10,"15,040,172","446,743,474",29.65,29.80,29.60,29.75,+0.25,"5,711"
106/05/11,"19,791,248","593,215,808",29.90,30.25,29.60,29.60,-0.15,"7,082"
106/05/12,"8,681,989","255,422,818",29.55,29.70,29.30,29.30,-0.30,"4,215"
106/05/15,"6,272,480","183,308,159",29.30,29.45,29.05,29.25,-0.05,"2,352"
106/05/16,"6,817,084","201,905,119",29.35,29.90,29.30,29.55,+0.30,"2,617"
106/05/17,"4,592,130","134,691,648",29.70,29.75,29.20,29.25,-0.30,"1,822"
106/05/18,"3,887,172","113,131,458",28.90,29.25,28.80,29.15,-0.10,"1,932"
106/05/19,"4,165,119","122,634,272",29.05,29.65,29.05,29.25,+0.10,"2,106"
106/05/22,"2,726,925","79,936,162",29.40,29.50,29.20,29.20,-0.05,"1,642"
106/05/23,"4,414,523","130,134,372",29.30,29.65,29.30,29.45,+0.25,"1,950"
106/05/24,"5,936,249","176,031,043",29.65,29.75,29.55,29.60,+0.15,"2,291"
106/05/25,"7,005,782","205,978,817",29.65,29.80,29.25,29.30,-0.30,"2,552"
106/05/26,"9,764,203","288,020,730",29.30,29.70,29.30,29.65,+0.35,"3,588"
106/05/31,"6,518,531","192,318,649",29.50,29.70,29.35,29.40,-0.25,"2,490"
106/06/01,"5,485,135","161,611,505",29.40,29.70,29.30,29.40, 0.00,"2,413"
106/06/02,"8,463,563","250,560,832",29.40,29.75,29.35,29.70,+0.30,"3,470"
106/06/03,"4,290,461","126,298,869",29.70,29.75,29.30,29.55,-0.15,"1,715"
106/06/05,"19,501,411","583,960,432",29.55,30.25,29.35,30.20,+0.65,"5,828"
106/06/06,"20,940,528","641,011,440",30.40,30.90,30.10,30.10,-0.10,"6,659"
106/06/07,"8,270,933","247,768,596",30.35,30.40,29.70,29.80,-0.30,"3,665"
106/06/08,"5,294,522","158,287,750",29.80,30.15,29.65,29.90,+0.10,"1,941"
106/06/09,"6,748,667","202,223,919",30.05,30.25,29.75,29.90, 0.00,"1,791"
106/06/12,"4,492,685","133,709,624",29.70,29.95,29.50,29.75,-0.15,"2,058"
106/06/13,"6,060,508","179,624,057",29.85,29.95,29.45,29.70,-0.05,"3,217"
106/06/14,"8,102,069","238,625,833",29.80,29.80,29.25,29.55,-0.15,"3,523"
106/06/15,"3,637,426","107,351,533",29.55,29.75,29.30,29.70,+0.15,"2,250"
106/06/16,"15,640,802","475,086,690",29.70,30.75,29.55,30.65,+0.95,"6,776"
106/06/19,"16,294,558","507,700,498",30.90,31.60,30.80,31.15,+0.50,"6,455"
106/06/20,"11,568,756","362,226,507",31.25,31.55,31.05,31.40,+0.25,"4,676"
106/06/21,"11,238,381","354,509,732",31.30,31.80,31.20,31.80,+0.40,"6,065"
106/06/22,"11,875,896","378,832,831",31.90,32.10,31.65,31.75,-0.05,"4,551"
106/06/23,"7,030,694","223,431,171",31.70,32.00,31.65,31.70,-0.05,"4,045"
106/06/26,"9,121,655","290,636,590",31.70,32.00,31.60,31.95,+0.25,"3,823"
106/06/27,"14,204,099","457,151,708",32.00,32.40,31.90,32.25,+0.30,"5,322"
106/06/28,"7,551,320","238,263,744",32.25,32.25,31.25,31.30,-0.95,"3,289"
106/06/29,"6,909,264","217,554,126",31.35,31.75,31.25,31.35,+0.05,"3,319"
106/06/30,"4,927,207","152,921,522",31.15,31.20,30.80,31.15,-0.20,"2,111"
106/07/03,"8,038,494","248,568,664",31.15,31.25,30.70,31.00,-0.15,"2,833"
106/07/04,"7,210,229","209,202,041",29.20,29.20,28.80,28.80,X0.00,"3,219"
106/07/05,"5,891,227","167,907,383",28.65,28.85,28.30,28.60,-0.20,"3,177"
106/07/06,"8,096,895","233,897,398",28.55,29.05,28.55,29.05,+0.45,"3,806"
106/07/07,"6,856,912","196,422,544",28.90,28.95,28.55,28.75,-0.30,"2,033"
106/07/10,"5,211,616","149,924,612",28.75,29.00,28.45,29.00,+0.25,"2,111"
106/07/11,"7,741,738","226,671,191",29.10,29.50,29.00,29.30,+0.30,"2,207"
106/07/12,"5,709,718","168,308,885",29.20,29.75,29.05,29.60,+0.30,"2,073"
106/07/13,"4,290,636","126,604,570",29.80,29.80,29.40,29.45,-0.15,"1,386"
106/07/14,"3,064,752","90,338,216",29.45,29.60,29.40,29.50,+0.05,"1,484"
106/07/17,"2,652,446","78,248,009",29.55,29.60,29.45,29.45,-0.05,"1,497"
106/07/18,"3,068,484","90,119,022",29.45,29.50,29.25,29.40,-0.05,"1,039"
106/07/19,"13,912,889","403,689,520",29.85,30.00,29.40,29.50,+0.10,"3,247"
106/07/20,"5,240,106","155,305,222",29.60,29.90,29.45,29.55,+0.05,"2,110"
106/07/21,"2,936,395","86,791,764",29.50,29.65,29.40,29.60,+0.05,"1,491"
106/07/24,"2,809,071","82,899,291",29.60,29.65,29.45,29.55,-0.05,"1,259"
106/07/25,"4,536,592","134,197,478",29.60,29.80,29.45,29.50,-0.05,"1,899"
106/07/26,"11,379,009","340,909,856",29.50,30.25,29.50,30.15,+0.65,"3,996"
106/07/27,"9,475,704","287,960,598",30.40,30.75,30.05,30.40,+0.25,"3,572"
106/07/28,"6,284,162","188,044,165",30.30,30.30,29.70,29.85,-0.55,"2,347"
106/07/31,"2,631,513","79,009,690",29.85,30.20,29.65,30.10,+0.25,"1,408"
106/08/01,"3,942,743","117,179,123",30.10,30.10,29.50,29.85,-0.25,"2,015"
106/08/02,"5,635,127","166,003,820",29.85,29.90,29.25,29.35,-0.50,"2,076"
106/08/03,"4,977,690","148,224,169",29.40,30.00,29.35,29.90,+0.55,"2,092"
106/08/04,"9,825,856","297,351,552",29.90,30.60,29.55,30.50,+0.60,"3,354"
106/08/07,"7,743,850","235,137,308",30.70,30.75,30.05,30.35,-0.15,"3,241"
106/08/08,"6,378,643","194,834,264",30.65,30.70,30.35,30.60,+0.25,"2,915"
106/08/09,"5,975,963","181,571,822",30.70,30.75,30.10,30.40,-0.20,"2,561"
106/08/10,"8,229,572","245,600,604",30.50,30.50,29.55,29.80,-0.60,"3,001"
106/08/11,"4,028,758","118,855,764",29.25,29.90,29.25,29.45,-0.35,"1,863"
106/08/14,"3,820,275","111,384,654",29.60,29.60,28.90,29.00,-0.45,"1,548"
106/08/15,"2,934,333","85,747,330",29.30,29.55,29.00,29.40,+0.40,"1,032"
106/08/16,"1,931,270","56,686,841",29.35,29.60,29.10,29.30,-0.10,"1,088"
106/08/17,"3,224,847","91,142,033",29.30,29.60,29.20,29.50,+0.20,"1,171"
106/08/18,"3,062,898","89,234,912",29.15,29.30,29.00,29.25,-0.25,"1,513"
106/08/21,"2,914,299","84,471,729",29.00,29.20,28.85,29.15,-0.10,"1,212"
106/08/22,"3,470,974","102,283,484",29.00,29.65,29.00,29.40,+0.25,"1,534"
106/08/23,"5,699,218","167,000,910",29.65,29.65,29.15,29.25,-0.15,"2,232"
106/08/24,"2,923,732","85,766,037",29.25,29.60,29.10,29.40,+0.15,"1,412"
106/08/25,"4,065,264","119,421,011",29.40,29.60,29.25,29.35,-0.05,"1,341"
106/08/28,"3,958,513","116,400,226",29.45,29.55,29.25,29.45,+0.10,"1,778"
106/08/29,"3,249,571","95,182,559",29.45,29.50,29.10,29.10,-0.35,"1,789"
106/08/30,"3,479,060","101,135,890",29.20,29.30,29.00,29.00,-0.10,"1,959"
106/08/31,"3,745,951","108,725,262",29.15,29.40,28.85,29.25,+0.25,"1,552"
106/09/01,"2,001,102","58,097,539",29.30,29.30,28.95,28.95,-0.30,996
106/09/04,"1,546,301","45,008,452",29.05,29.30,28.95,29.15,+0.20,798
106/09/05,"4,390,854","128,288,878",29.15,29.35,29.00,29.35,+0.20,"1,428"
106/09/06,"7,948,535","233,585,664",29.45,29.55,29.20,29.20,-0.15,"2,672"
106/09/07,"2,433,048","71,280,735",29.50,29.50,29.20,29.20, 0.00,"1,280"
106/09/08,"11,417,138","339,135,314",29.40,30.10,29.05,30.05,+0.85,"4,380"
106/09/11,"5,642,406","168,467,175",30.20,30.40,29.65,29.65,-0.40,"3,355"
106/09/12,"3,866,571","115,115,254",29.70,29.95,29.60,29.95,+0.30,"1,728"
106/09/13,"12,785,635","390,077,639",30.20,30.95,29.90,30.70,+0.75,"5,054"
106/09/14,"11,568,416","359,812,875",31.00,31.45,30.65,31.15,+0.45,"5,059"
106/09/15,"6,750,870","208,437,356",31.15,31.15,30.40,31.00,-0.15,"1,816"
106/09/18,"12,689,979","402,296,266",31.10,32.20,31.10,31.75,+0.75,"3,891"
106/09/19,"10,785,937","336,266,757",31.90,32.10,30.50,30.65,-1.10,"4,289"
106/09/20,"8,513,624","262,733,866",30.85,31.25,30.40,31.10,+0.45,"3,411"
106/09/21,"6,171,811","190,677,297",31.00,31.05,30.70,31.00,-0.10,"3,257"
106/09/22,"5,655,399","172,635,749",31.05,31.15,30.30,30.35,-0.65,"2,340"
106/09/25,"4,564,242","137,972,310",30.50,30.65,29.90,30.20,-0.15,"2,352"
106/09/26,"7,665,050","228,079,166",30.20,30.30,29.35,29.35,-0.85,"3,720"
106/09/27,"4,425,147","133,094,817",29.55,30.55,29.55,30.20,+0.85,"2,360"
106/09/28,"3,685,153","109,653,322",30.50,30.50,29.45,29.60,-0.60,"1,876"
106/09/29,"4,509,549","132,588,847",29.60,29.75,29.00,29.75,+0.15,"1,990"
106/09/30,"1,549,208","46,110,281",29.80,30.05,29.55,29.75, 0.00,"1,055"
106/10/02,"5,912,297","179,496,552",29.90,30.65,29.75,30.55,+0.80,"2,006"
106/10/03,"11,017,557","339,340,429",30.55,31.20,30.50,31.00,+0.45,"4,031"
106/10/05,"4,601,115","142,549,094",31.10,31.15,30.85,30.90,-0.10,"2,105"
106/10/06,"8,193,865","254,417,215",31.00,31.25,30.60,31.15,+0.25,"2,718"
106/10/11,"5,047,343","156,660,852",31.30,31.50,30.60,30.70,-0.45,"2,694"
106/10/12,"3,387,080","104,809,162",31.00,31.15,30.75,31.00,+0.30,"1,586"
106/10/13,"12,371,808","393,968,686",31.10,32.55,31.00,31.90,+0.90,"5,188"
106/10/16,"4,561,087","145,190,502",32.10,32.20,31.65,31.85,-0.05,"2,377"
106/10/17,"3,623,577","115,124,196",31.95,32.00,31.65,31.65,-0.20,"1,532"
106/10/18,"4,842,215","153,810,389",32.00,32.30,31.40,31.50,-0.15,"2,119"
106/10/19,"5,263,387","168,119,085",31.60,32.20,31.60,31.80,+0.30,"3,091"
106/10/20,"12,636,533","408,149,773",31.85,32.50,31.75,32.50,+0.70,"3,134"
106/10/23,"15,554,534","514,837,640",33.20,33.55,32.50,32.55,+0.05,"5,981"
106/10/24,"5,697,104","187,356,933",32.65,33.25,32.55,32.90,+0.35,"2,826"
106/10/25,"10,614,182","353,973,006",33.15,33.85,32.80,33.60,+0.70,"4,216"
106/10/26,"9,253,699","302,159,187",33.45,33.45,32.35,32.40,-1.20,"4,692"
106/10/27,"8,631,500","274,325,744",32.45,32.45,31.10,31.60,-0.80,"4,139"
106/10/30,"4,056,013","128,398,952",31.85,32.05,31.35,31.70,+0.10,"1,752"
106/10/31,"5,951,060","191,043,003",31.75,32.60,31.55,31.95,+0.25,"2,524"
106/11/01,"4,949,568","158,928,426",32.20,32.35,31.95,32.10,+0.15,"2,360"
106/11/02,"4,994,462","160,530,633",32.30,32.55,31.65,31.75,-0.35,"2,221"
106/11/03,"3,373,624","107,162,266",32.05,32.05,31.60,31.75, 0.00,"1,298"
106/11/06,"6,356,103","198,814,686",31.80,31.85,31.00,31.05,-0.70,"2,924"
106/11/07,"11,565,633","351,699,514",30.80,30.80,30.15,30.60,-0.45,"5,899"
106/11/08,"6,389,639","196,344,328",30.35,31.20,30.30,31.20,+0.60,"3,198"
106/11/09,"4,640,799","143,113,566",31.25,31.35,30.50,30.50,-0.70,"2,474"
106/11/10,"4,446,160","134,005,881",30.35,30.40,30.00,30.25,-0.25,"2,339"
106/11/13,"2,370,928","71,581,190",30.15,30.60,30.00,30.10,-0.15,"1,193"
106/11/14,"2,620,785","79,228,119",30.15,30.60,30.05,30.10, 0.00,"1,295"
106/11/15,"3,749,436","114,555,081",30.15,30.80,30.15,30.75,+0.65,"2,119"
106/11/16,"2,885,581","87,833,870",30.50,30.60,30.25,30.60,-0.15,"1,369"
106/11/17,"5,226,773","161,234,895",30.90,31.10,30.60,30.60, 0.00,"2,356"
106/11/20,"8,570,706","268,988,421",31.00,31.85,30.75,31.75,+1.15,"3,303"
106/11/21,"13,412,908","432,551,574",32.00,32.60,31.85,32.25,+0.50,"5,134"
106/11/22,"5,079,958","163,731,034",32.60,32.60,31.95,32.40,+0.15,"2,598"
106/11/23,"2,482,705","80,029,989",32.40,32.50,32.05,32.30,-0.10,"1,151"
106/11/24,"5,722,576","183,336,529",32.45,32.45,31.90,31.95,-0.35,"1,331"
106/11/27,"4,028,139","126,645,090",32.30,32.30,30.95,31.40,-0.55,"2,220"
106/11/28,"3,607,569","112,625,758",31.65,31.65,31.00,31.05,-0.35,"1,905"
106/11/29,"4,590,690","142,654,554",31.25,31.25,31.00,31.25,+0.20,"1,471"
106/11/30,"2,648,565","82,195,915",30.85,31.25,30.85,31.10,-0.15,"1,091"
106/12/01,"4,932,336","153,421,725",31.35,31.55,30.65,31.00,-0.10,"2,531"
106/12/04,"1,314,500","40,752,043",31.10,31.20,30.60,31.00, 0.00,578
106/12/05,"3,968,515","120,461,274",30.60,30.70,29.50,30.50,-0.50,"2,027"
106/12/06,"7,444,954","221,111,340",30.10,30.35,29.40,29.40,-1.10,"2,828"
106/12/07,"9,962,290","284,422,329",29.35,29.35,28.25,28.25,-1.15,"4,118"
106/12/08,"3,775,405","107,490,866",28.35,28.80,28.15,28.45,+0.20,"2,001"
106/12/11,"3,123,533","90,720,507",28.55,29.45,28.50,29.25,+0.80,"1,559"
106/12/12,"1,786,208","51,988,336",29.30,29.30,28.90,29.05,-0.20,795
106/12/13,"1,749,290","50,820,548",29.15,29.25,28.85,29.20,+0.15,709
106/12/14,"2,178,208","64,224,139",29.35,29.90,29.15,29.65,+0.45,"1,071"
106/12/15,"7,269,058","209,988,879",29.65,29.70,28.45,29.10,-0.55,"4,068"
106/12/18,"3,075,108","88,773,282",28.50,29.30,28.50,29.05,-0.05,"1,666"
106/12/19,"1,962,178","56,607,009",29.05,29.20,28.70,28.75,-0.30,"1,601"
106/12/20,"6,460,670","192,460,944",28.70,30.25,28.70,29.60,+0.85,"2,560"
106/12/21,"1,799,658","53,266,436",29.50,29.75,29.45,29.70,+0.10,992
106/12/22,"1,119,545","32,836,712",29.80,29.80,29.15,29.30,-0.40,679
106/12/25,"578,168","16,875,326",29.30,29.40,29.00,29.10,-0.20,327
106/12/26,"1,791,732","52,619,716",29.30,29.65,29.05,29.45,+0.35,"1,111"
106/12/27,"1,175,369","34,714,602",29.45,29.70,29.30,29.40,-0.05,932
106/12/28,"1,097,236","32,181,749",29.40,29.50,29.20,29.25,-0.15,661
106/12/29,"5,083,172","152,254,334",29.35,30.40,29.35,30.25,+1.00,"2,306"
107/01/02,"6,155,527","186,931,969",30.05,31.10,29.80,30.95,+0.70,"2,457"
107/01/03,"6,577,089","200,593,988",31.05,31.15,30.20,30.45,-0.50,"3,385"
107/01/04,"4,770,033","145,054,900",30.45,30.95,30.00,30.85,+0.40,"2,504"
107/01/05,"2,982,883","90,463,645",30.80,30.90,30.15,30.30,-0.55,"1,356"
107/01/08,"2,768,307","83,344,187",30.20,30.30,30.00,30.10,-0.20,"1,643"
107/01/09,"3,857,303","117,296,436",30.20,30.75,30.20,30.50,+0.40,"1,843"
107/01/10,"2,259,881","68,718,779",30.55,30.65,30.05,30.50, 0.00,"1,164"
107/01/11,"4,485,650","137,027,215",30.30,30.65,30.25,30.65,+0.15,"1,333"
107/01/12,"2,246,580","68,869,938",30.55,30.75,30.50,30.65, 0.00,"1,304"
107/01/15,"5,800,320","180,097,908",30.65,31.40,30.65,31.00,+0.35,"2,240"
107/01/16,"3,694,634","115,479,331",31.20,31.50,30.90,31.50,+0.50,"1,856"
107/01/17,"1,687,558","53,073,313",31.50,31.60,31.30,31.50, 0.00,"1,169"
107/01/18,"3,586,299","113,127,312",31.55,31.85,31.25,31.50, 0.00,"1,470"
107/01/19,"3,222,447","101,683,099",31.60,31.80,31.35,31.35,-0.15,"1,632"
107/01/22,"5,600,051","178,347,998",31.40,32.10,31.40,31.75,+0.40,"2,556"
107/01/23,"3,192,343","100,006,057",31.75,31.95,31.00,31.30,-0.45,"1,562"
107/01/24,"5,817,010","179,371,400",31.35,31.35,30.60,31.00,-0.30,"2,729"
107/01/25,"6,400,766","195,986,154",30.75,30.95,30.40,30.45,-0.55,"2,402"
107/01/26,"4,834,795","144,928,400",30.45,30.45,29.65,29.95,-0.50,"2,219"
107/01/29,"2,924,006","88,193,730",30.10,30.45,30.00,30.10,+0.15,"1,614"
107/01/30,"1,332,637","40,106,719",30.00,30.25,30.00,30.15,+0.05,687
107/01/31,"3,942,645","118,226,813",29.95,30.15,29.75,30.15, 0.00,"2,272"
107/02/01,"1,765,763","53,347,745",30.15,30.35,30.10,30.30,+0.15,820
107/02/02,"1,433,270","43,304,850",30.30,30.35,30.00,30.20,-0.10,"1,100"
107/02/05,"4,807,674","144,976,301",29.55,30.90,29.50,30.90,+0.70,"1,316"
107/02/06,"8,395,353","253,202,753",30.45,30.70,29.70,30.45,-0.45,"3,561"
107/02/07,"4,333,513","131,931,781",31.00,31.15,29.95,30.00,-0.45,"2,243"
107/02/08,"1,691,464","50,868,120",30.00,30.35,29.80,30.05,+0.05,"1,011"
107/02/09,"3,813,178","112,963,390",29.40,30.35,28.55,30.00,-0.05,"1,771"
107/02/12,"1,777,624","53,169,452",30.05,30.25,29.55,29.90,-0.10,887
107/02/21,"5,829,829","179,315,936",30.50,31.15,30.20,30.95,+1.05,"2,668"
107/02/22,"2,329,056","71,226,895",30.55,30.75,30.40,30.40,-0.55,"1,193"
107/02/23,"2,400,443","73,095,461",30.60,30.70,30.35,30.40, 0.00,"1,456"
107/02/26,"9,560,081","299,755,306",30.60,31.90,30.50,31.90,+1.50,"3,851"
107/02/27,"9,565,470","303,014,725",32.00,32.30,31.25,31.50,-0.40,"3,825"
107/03/01,"4,138,024","130,283,797",30.80,31.80,30.80,31.65,+0.15,"2,182"
107/03/02,"6,343,114","200,970,260",31.70,32.10,31.20,31.95,+0.30,"2,299"
107/03/05,"6,337,464","200,199,284",32.35,32.40,30.90,30.90,-1.05,"2,575"
107/03/06,"2,312,817","72,587,403",31.45,31.60,31.15,31.50,+0.60,993
107/03/07,"2,833,555","89,681,347",31.50,31.90,31.35,31.60,+0.10,"1,413"
107/03/08,"3,654,349","115,887,268",31.90,32.10,31.55,31.60, 0.00,"1,710"
107/03/09,"5,394,267","172,193,591",31.95,32.10,31.70,32.00,+0.40,"2,487"
107/03/12,"10,103,855","331,494,218",32.45,33.10,32.40,32.95,+0.95,"4,086"
107/03/13,"5,457,504","179,958,422",33.35,33.35,32.75,32.75,-0.20,"2,340"
107/03/14,"3,778,224","122,775,659",32.95,32.95,32.15,32.60,-0.15,"2,161"
107/03/15,"21,992,936","673,834,742",31.50,31.50,30.20,30.20,-2.40,"8,507"
107/03/16,"13,481,861","410,130,374",30.30,31.20,29.80,31.20,+1.00,"5,796"
107/03/19,"13,595,384","420,345,704",30.80,31.20,30.45,31.00,-0.20,"5,977"
107/03/20,"5,969,642","183,444,765",30.75,30.95,30.60,30.70,-0.30,"2,978"
107/03/21,"5,514,196","170,666,476",30.90,31.25,30.75,30.80,+0.10,"3,086"
107/03/22,"4,804,615","148,915,835",30.90,31.20,30.75,30.90,+0.10,"2,691"
107/03/23,"5,573,674","169,140,071",30.00,30.65,29.90,30.65,-0.25,"2,787"
107/03/26,"5,149,729","156,230,465",30.30,30.55,30.10,30.35,-0.30,"2,546"
107/03/27,"9,789,976","302,691,288",30.60,31.40,30.45,31.20,+0.85,"2,760"
107/03/28,"6,184,426","191,837,856",30.90,31.20,30.80,31.05,-0.15,"2,536"
107/03/29,"6,438,154","195,428,509",30.80,30.90,30.20,30.25,-0.80,"3,617"
107/03/30,"4,412,865","134,101,910",30.60,30.60,30.20,30.25, 0.00,"2,011"
107/03/31,"1,159,504","35,386,917",30.40,30.60,30.40,30.50,+0.25,876
107/04/02,"1,531,287","46,800,633",30.65,30.70,30.40,30.60,+0.10,"1,170"
107/04/03,"1,990,247","60,503,245",30.15,30.60,30.15,30.60, 0.00,"1,339"
107/04/09,"2,040,367","62,025,020",30.65,30.70,30.25,30.35,-0.25,992
107/04/10,"2,642,694","80,695,265",30.35,30.70,30.25,30.65,+0.30,"1,594"
107/04/11,"2,946,706","89,530,985",30.40,30.60,30.30,30.30,-0.35,902
107/04/12,"2,993,528","91,456,725",30.30,30.75,30.30,30.70,+0.40,"1,376"
107/04/13,"3,647,109","110,974,299",30.70,30.70,30.30,30.40,-0.30,"1,780"
107/04/16,"3,105,671","94,629,291",30.40,30.60,30.30,30.40, 0.00,"1,910"
107/04/17,"4,967,937","151,390,327",30.40,30.75,30.30,30.60,+0.20,"2,688"
107/04/18,"4,570,331","138,157,958",30.60,30.70,30.05,30.20,-0.40,"2,365"
107/04/19,"2,398,166","72,919,540",30.20,30.50,30.20,30.50,+0.30,"1,460"
107/04/20,"3,216,626","97,759,826",30.25,30.50,30.15,30.50, 0.00,"1,240"
107/04/23,"2,678,251","81,280,462",30.50,30.55,30.20,30.55,+0.05,"1,550"
107/04/24,"5,280,100","160,225,447",30.70,30.70,29.95,30.50,-0.05,"2,139"
107/04/25,"6,951,712","206,344,720",30.30,30.30,29.35,29.40,-1.10,"3,110"
107/04/26,"10,438,301","301,335,167",29.40,29.40,28.50,28.55,-0.85,"5,829"
107/04/27,"3,062,858","87,999,555",28.70,28.85,28.60,28.80,+0.25,"1,887"
107/04/30,"3,070,927","89,577,448",28.85,29.40,28.80,29.40,+0.60,"1,566"
107/05/02,"2,193,125","64,384,917",29.40,29.60,29.05,29.55,+0.15,"1,564"
107/05/03,"3,307,921","97,190,688",29.25,29.65,29.05,29.30,-0.25,"1,619"
107/05/04,"3,799,288","110,270,694",29.15,29.40,28.80,28.85,-0.45,"1,419"
107/05/07,"8,510,875","238,131,800",28.85,28.85,27.60,27.85,-1.00,"4,367"
107/05/08,"5,179,540","144,278,082",27.85,28.00,27.80,27.80,-0.05,"2,530"
107/05/09,"2,930,717","81,269,291",27.90,28.00,27.60,27.75,-0.05,"1,494"
107/05/10,"2,768,265","77,828,495",27.90,28.25,27.85,28.10,+0.35,"1,686"
107/05/11,"2,526,571","71,390,303",28.20,28.35,28.10,28.25,+0.15,"1,257"
107/05/14,"2,081,192","58,977,622",28.30,28.45,28.15,28.35,+0.10,969
107/05/15,"3,947,160","111,860,902",28.40,28.45,28.10,28.35, 0.00,"1,379"
107/05/16,"1,639,597","46,411,818",28.35,28.40,28.20,28.30,-0.05,729
107/05/17,"4,626,617","130,131,883",28.30,28.30,28.05,28.10,-0.20,"2,050"
107/05/18,"4,532,398","126,346,578",28.00,28.10,27.80,27.80,-0.30,"2,292"
107/05/21,"2,705,680","76,188,819",28.30,28.30,28.00,28.15,+0.35,"1,397"
107/05/22,"3,284,573","92,110,295",28.10,28.20,27.95,28.05,-0.10,"1,850"
107/05/23,"2,134,207","59,866,196",28.05,28.15,28.00,28.05, 0.00,"1,223"
107/05/24,"4,015,703","113,363,968",28.10,28.30,28.05,28.30,+0.25,"1,713"
107/05/25,"4,005,636","113,470,794",28.35,28.45,28.15,28.30, 0.00,"2,460"
107/05/28,"1,712,367","48,186,247",28.30,28.30,28.00,28.20,-0.10,942
107/05/29,"4,229,510","120,504,381",28.30,28.60,28.30,28.55,+0.35,"1,846"
107/05/30,"5,784,232","162,606,028",28.40,28.45,28.00,28.15,-0.40,"2,410"
107/05/31,"8,730,904","248,668,734",28.55,28.90,28.10,28.10,-0.05,"3,524"
107/06/01,"2,365,941","66,898,975",28.25,28.40,28.15,28.30,+0.20,"1,154"
107/06/04,"2,493,791","71,338,477",28.55,28.70,28.40,28.65,+0.35,"1,237"
107/06/05,"3,327,589","95,228,532",28.75,28.80,28.40,28.50,-0.15,"1,431"
107/06/06,"2,653,657","76,276,984",28.60,28.90,28.60,28.75,+0.25,"1,215"
107/06/07,"4,726,965","137,526,924",28.90,29.25,28.85,29.10,+0.35,"2,164"
107/06/08,"3,002,932","87,278,780",29.10,29.20,28.90,29.00,-0.10,"1,595"
107/06/11,"2,089,055","60,027,824",29.00,29.05,28.65,28.75,-0.25,"1,072"
107/06/12,"3,211,815","92,648,780",28.70,29.05,28.60,28.85,+0.10,"1,295"
107/06/13,"2,783,100","79,605,347",28.65,28.80,28.50,28.50,-0.35,"1,178"
107/06/14,"3,146,696","90,388,703",28.45,28.90,28.45,28.60,+0.10,"1,878"
107/06/15,"4,780,931","137,005,624",28.65,28.95,28.55,28.55,-0.05,"1,396"
107/06/19,"3,842,185","110,204,888",28.80,28.85,28.55,28.75,+0.20,"1,715"
107/06/20,"4,621,625","131,919,284",28.55,28.70,28.45,28.55,-0.20,"1,757"
107/06/21,"3,881,591","110,716,638",28.60,28.75,28.50,28.50,-0.05,999
107/06/22,"2,936,151","83,577,685",28.45,28.60,28.30,28.50, 0.00,"1,259"
107/06/25,"3,159,588","89,228,647",28.55,28.60,28.10,28.15,-0.35,"1,760"
107/06/26,"5,009,438","138,801,664",28.05,28.05,27.50,27.70,-0.45,"2,373"
107/06/27,"4,231,812","117,061,842",27.70,27.85,27.55,27.65,-0.05,"2,345"
107/06/28,"3,391,415","93,668,628",27.65,27.70,27.50,27.65, 0.00,"1,598"
107/06/29,"2,215,822","61,283,845",27.65,27.75,27.55,27.75,+0.10,"1,036"
107/07/02,"1,359,858","37,839,638",27.70,27.95,27.70,27.85,+0.10,911
107/07/03,"6,070,029","169,149,897",27.80,28.20,27.50,27.50,-0.35,"1,913"
107/07/04,"1,619,800","44,703,037",27.55,27.70,27.55,27.55,+0.05,"1,176"
107/07/05,"2,309,030","63,518,721",27.60,27.70,27.35,27.40,-0.15,"1,087"
107/07/06,"3,142,683","85,723,658",27.40,27.50,27.00,27.25,-0.15,"1,855"
107/07/09,"1,485,805","40,672,372",27.25,27.50,27.25,27.40,+0.15,"1,045"
107/07/10,"1,413,326","39,046,557",27.40,27.80,27.40,27.65,+0.25,"1,115"
107/07/11,"3,018,070","83,045,382",27.45,27.75,27.40,27.40,-0.25,"1,674"
107/07/12,"1,803,343","49,590,596",27.60,27.70,27.40,27.70,+0.30,"1,140"
107/07/13,"5,702,530","157,559,926",27.80,27.80,27.50,27.70, 0.00,"2,105"
107/07/16,"4,148,700","115,425,800",27.90,27.95,27.70,27.70, 0.00,"1,848"
107/07/17,"5,319,253","148,556,734",27.80,28.20,27.75,28.00,+0.30,"1,971"
107/07/18,"5,262,701","138,082,173",26.30,26.40,26.15,26.30,X0.00,"2,894"
107/07/19,"4,120,673","106,600,809",26.40,26.50,26.20,26.20,-0.10,"1,933"
107/07/20,"2,338,159","62,093,299",26.35,26.85,26.30,26.75,+0.55,"1,109"
107/07/23,"2,377,749","63,263,369",26.75,26.75,26.45,26.65,-0.10,869
107/07/24,"972,174","25,835,839",26.65,26.70,26.40,26.70,+0.05,398
107/07/25,"1,346,477","36,002,805",26.90,26.90,26.65,26.75,+0.05,595
107/07/26,"5,391,893","146,478,342",26.75,27.70,26.75,27.25,+0.50,"2,324"
107/07/27,"6,758,798","181,339,659",27.15,27.25,26.60,26.65,-0.60,"2,922"
107/07/30,"3,205,482","82,951,572",26.50,26.70,26.25,26.45,-0.20,"1,225"
107/07/31,"2,538,993","66,918,407",26.35,26.45,26.25,26.40,-0.05,"1,197"
107/08/01,"1,533,891","40,548,901",26.60,26.60,26.35,26.55,+0.15,836
107/08/02,"1,898,558","50,025,167",26.60,26.60,26.25,26.25,-0.30,"1,007"
107/08/03,"5,567,491","145,211,282",26.30,26.30,25.95,26.15,-0.10,"2,409"
107/08/06,"3,756,407","97,900,868",26.15,26.15,26.00,26.05,-0.10,"1,737"
107/08/07,"1,190,804","31,049,712",26.20,26.20,26.00,26.10,+0.05,591
107/08/08,"3,620,526","94,721,626",26.05,26.35,26.00,26.15,+0.05,"1,364"
107/08/09,"19,522,520","482,232,305",25.60,25.65,24.10,24.20,-1.95,"9,450"
107/08/10,"16,117,840","373,726,672",24.30,24.35,22.50,23.05,-1.15,"7,168"
107/08/13,"8,759,419","197,256,475",22.60,22.80,22.15,22.80,-0.25,"3,463"
107/08/14,"7,755,833","173,790,220",22.70,22.75,22.15,22.40,-0.40,"2,425"
107/08/15,"7,290,495","162,497,904",22.25,22.55,22.05,22.15,-0.25,"2,006"
107/08/16,"10,847,301","234,432,094",21.90,21.90,21.30,21.60,-0.55,"4,192"
107/08/17,"6,786,775","146,507,010",21.75,21.90,21.45,21.50,-0.10,"2,583"
107/08/20,"7,794,865","164,766,770",21.50,21.60,21.00,21.10,-0.40,"3,572"
107/08/21,"3,391,302","72,176,774",21.20,21.45,21.15,21.20,+0.10,"1,523"
107/08/22,"4,953,473","107,805,274",21.40,21.95,21.35,21.80,+0.60,"2,350"
107/08/23,"3,944,863","84,792,737",21.95,21.95,21.35,21.40,-0.40,"1,579"
107/08/24,"3,766,106","80,771,228",21.45,21.60,21.35,21.35,-0.05,"1,556"
107/08/27,"3,299,800","71,836,602",21.50,22.00,21.45,21.95,+0.60,"1,517"
107/08/28,"5,385,735","119,237,053",22.05,22.40,21.95,22.00,+0.05,"2,795"
107/08/29,"2,296,367","50,478,836",22.05,22.10,21.85,22.00, 0.00,"1,011"
107/08/30,"2,793,980","61,502,810",22.05,22.15,21.90,21.90,-0.10,"1,576"
107/08/31,"2,828,696","61,498,246",21.90,21.90,21.65,21.70,-0.20,"1,370"
107/09/03,"3,187,288","68,870,805",21.65,21.75,21.50,21.50,-0.20,"1,209"
107/09/04,"2,747,414","59,070,464",21.55,21.65,21.40,21.40,-0.10,"1,281"
107/09/05,"2,425,571","52,013,863",21.55,21.55,21.35,21.35,-0.05,"1,247"
107/09/06,"3,493,026","74,457,357",21.40,21.50,21.20,21.20,-0.15,"1,459"
107/09/07,"5,230,545","110,358,545",21.35,21.40,20.80,21.05,-0.15,"1,845"
107/09/10,"12,294,767","246,616,775",20.75,20.80,19.80,19.95,-1.10,"4,454"
107/09/11,"9,271,222","184,607,843",20.00,20.05,19.65,19.95, 0.00,"3,339"
107/09/12,"6,574,955","130,388,710",19.90,20.00,19.70,19.95, 0.00,"2,122"
107/09/13,"3,513,091","71,121,169",20.10,20.55,20.00,20.55,+0.60,"1,841"
107/09/14,"3,850,946","80,250,217",20.85,21.05,20.70,20.75,+0.20,"1,491"
107/09/17,"1,690,866","35,226,098",20.65,21.05,20.60,20.80,+0.05,663
107/09/18,"1,377,237","28,401,452",20.70,20.80,20.50,20.50,-0.30,781
107/09/19,"2,015,166","41,868,096",20.70,20.85,20.70,20.80,+0.30,937
107/09/20,"2,561,297","52,737,144",20.80,20.80,20.50,20.50,-0.30,"1,189"
107/09/21,"2,431,113","50,158,430",20.75,20.75,20.55,20.65,+0.15,853
107/09/25,"2,865,505","59,546,670",20.65,21.00,20.60,20.75,+0.10,"1,316"
107/09/26,"3,339,495","68,591,618",20.70,20.95,20.30,20.30,-0.45,"1,464"
107/09/27,"2,501,303","50,621,128",20.35,20.50,20.10,20.10,-0.20,"1,374"
107/09/28,"1,583,072","32,291,116",20.20,20.50,20.20,20.40,+0.30,908
107/10/01,"2,899,928","59,662,521",20.55,20.90,20.40,20.50,+0.10,"1,430"
107/10/02,"2,347,819","48,221,618",20.50,20.65,20.45,20.60,+0.10,"1,460"
107/10/03,"5,456,495","114,194,263",20.70,21.10,20.70,21.05,+0.45,"2,058"
107/10/04,"3,301,850","69,410,813",21.10,21.25,20.90,20.90,-0.15,"1,384"
107/10/05,"3,235,948","67,145,464",20.90,21.05,20.30,20.75,-0.15,"1,220"
107/10/08,"2,541,135","52,682,046",20.75,20.90,20.45,20.70,-0.05,"1,020"
107/10/09,"9,339,669","183,470,020",20.40,20.60,19.15,19.65,-1.05,"4,018"
107/10/11,"10,208,929","191,565,382",18.65,19.10,18.15,19.05,-0.60,"3,826"
107/10/12,"3,525,470","66,466,162",18.65,19.05,18.60,19.00,-0.05,"1,917"
107/10/15,"2,077,000","39,651,098",19.15,19.25,18.95,18.95,-0.05,976
107/10/16,"1,997,314","38,118,494",18.95,19.20,18.95,19.10,+0.15,"1,179"
107/10/17,"2,098,400","40,735,918",19.30,19.60,19.20,19.20,+0.10,"1,173"
107/10/18,"2,094,155","40,188,924",19.15,19.30,19.10,19.25,+0.05,"1,248"
107/10/19,"3,580,751","67,935,291",19.00,19.20,18.65,18.95,-0.30,"1,069"
107/10/22,"2,318,824","43,845,370",18.95,19.15,18.80,18.80,-0.15,958
107/10/23,"2,595,632","49,135,620",18.80,19.15,18.75,18.90,+0.10,"1,188"
107/10/24,"2,832,486","53,068,084",18.80,18.90,18.60,18.75,-0.15,"1,356"
107/10/25,"4,696,861","84,563,739",18.30,18.30,17.80,18.20,-0.55,"1,883"
107/10/26,"4,053,522","73,064,069",18.50,18.50,17.80,18.05,-0.15,"1,888"
107/10/29,"5,628,798","97,484,450",18.05,18.10,16.90,17.80,-0.25,"2,178"
107/10/30,"2,066,873","36,481,637",17.60,17.80,17.50,17.75,-0.05,"1,141"
107/10/31,"2,248,598","40,355,814",17.85,18.05,17.80,18.05,+0.30,"1,289"
107/11/01,"1,909,968","34,504,719",18.00,18.20,17.90,18.05, 0.00,"1,022"
107/11/02,"2,380,151","43,475,818",18.15,18.40,18.10,18.25,+0.20,"1,346"
107/11/05,"1,934,633","35,014,867",18.25,18.25,18.00,18.05,-0.20,"1,333"
107/11/06,"2,480,390","44,316,876",18.05,18.10,17.70,17.85,-0.20,"1,514"
107/11/07,"8,935,881","171,379,782",19.30,19.50,18.85,19.50,+1.65,"3,942"
107/11/08,"6,433,599","126,716,002",19.70,19.95,19.35,19.85,+0.35,"3,546"
107/11/09,"5,191,950","99,453,450",19.85,19.90,18.70,19.00,-0.85,"2,508"
107/11/12,"2,924,881","55,776,989",18.90,19.30,18.70,19.05,+0.05,"1,333"
107/11/13,"4,225,338","81,059,165",18.70,19.60,18.50,19.45,+0.40,"1,927"
107/11/14,"4,078,867","80,883,790",19.45,20.05,19.30,20.05,+0.60,"1,778"
107/11/15,"8,197,896","168,834,756",20.05,20.85,20.00,20.70,+0.65,"3,637"
107/11/16,"5,873,611","121,205,292",20.55,20.90,20.35,20.80,+0.10,"2,006"
107/11/19,"2,292,158","47,494,822",20.75,20.90,20.60,20.75,-0.05,822
107/11/20,"1,846,773","38,105,100",20.70,20.80,20.50,20.70,-0.05,712
107/11/21,"2,111,252","43,354,315",20.50,20.65,20.35,20.50,-0.20,998
107/11/22,"2,734,463","56,390,989",20.70,20.75,20.45,20.60,+0.10,921
107/11/23,"2,096,828","42,811,530",20.60,20.65,20.25,20.25,-0.35,965
107/11/26,"4,121,502","85,138,362",20.30,21.00,20.25,20.95,+0.70,"1,503"
107/11/27,"2,193,630","45,524,904",20.95,20.95,20.60,20.80,-0.15,"1,035"
107/11/28,"2,470,119","51,074,724",20.90,20.95,20.50,20.80, 0.00,"1,432"
107/11/29,"3,423,282","71,246,098",21.00,21.00,20.70,20.75,-0.05,"1,264"
107/11/30,"6,152,729","129,137,159",20.75,21.25,20.65,21.00,+0.25,"2,201"
107/12/03,"6,287,241","134,315,026",21.20,21.65,21.10,21.50,+0.50,"2,129"
107/12/04,"6,379,955","134,281,078",21.50,21.50,20.85,20.85,-0.65,"2,565"
107/12/05,"6,829,531","143,674,090",20.50,21.40,20.45,21.05,+0.20,"2,923"
107/12/06,"4,223,889","87,626,405",20.85,21.00,20.55,20.80,-0.25,"1,895"
107/12/07,"20,339,366","443,322,335",21.30,22.30,21.00,21.95,+1.15,"6,226"
107/12/10,"11,999,560","259,765,979",21.55,22.15,21.35,21.50,-0.45,"3,937"
107/12/11,"11,139,754","238,367,305",21.45,21.90,20.90,21.90,+0.40,"3,884"
107/12/12,"29,897,698","640,208,210",21.55,22.20,20.50,21.60,-0.30,"8,505"
107/12/13,"32,010,170","728,313,110",22.00,23.35,21.85,23.05,+1.45,"9,451"
107/12/14,"42,155,870","942,198,500",22.85,23.60,21.10,21.50,-1.55,"13,631"
107/12/17,"15,440,327","340,852,253",21.65,22.35,21.25,22.20,+0.70,"5,600"
107/12/18,"17,319,145","385,981,830",21.70,22.60,21.65,22.30,+0.10,"6,612"
107/12/19,"13,602,987","309,754,151",22.50,23.10,22.30,23.00,+0.70,"6,026"
107/12/20,"15,534,693","361,509,789",22.75,23.65,22.70,23.30,+0.30,"5,936"
107/12/21,"13,018,484","304,212,042",23.20,23.65,22.85,23.60,+0.30,"4,999"
107/12/22,"5,080,694","119,672,856",23.40,23.75,23.40,23.50,-0.10,"1,685"
107/12/24,"7,052,574","166,025,563",23.65,23.65,23.35,23.65,+0.15,"2,150"
107/12/25,"6,605,045","155,787,110",23.40,23.85,23.20,23.85,+0.20,"2,302"
107/12/26,"6,586,801","157,293,987",24.00,24.30,23.50,23.50,-0.35,"2,825"
107/12/27,"12,782,617","293,975,283",23.70,23.80,22.60,22.70,-0.80,"4,874"
107/12/28,"6,295,288","145,007,214",22.75,23.30,22.75,23.25,+0.55,"2,444"
108/01/02,"5,306,443","121,875,230",23.20,23.25,22.65,23.05,-0.20,"2,146"
108/01/03,"7,752,449","176,581,301",22.90,23.20,22.30,22.40,-0.65,"2,861"
108/01/04,"15,276,495","328,305,937",22.40,22.45,21.05,21.35,-1.05,"5,209"
108/01/07,"7,322,697","158,909,051",21.80,21.95,21.50,21.60,+0.25,"2,830"
108/01/08,"2,775,366","60,529,152",21.65,21.95,21.65,21.80,+0.20,"1,422"
108/01/09,"4,774,077","104,311,475",21.95,22.00,21.75,21.80, 0.00,"1,952"
108/01/10,"6,126,010","132,030,815",21.80,21.85,21.40,21.55,-0.25,"2,449"
108/01/11,"3,569,785","77,434,793",21.75,21.90,21.55,21.55, 0.00,"1,530"
108/01/14,"3,623,512","78,067,799",21.60,21.80,21.20,21.40,-0.15,"2,001"
108/01/15,"4,735,269","101,574,057",21.30,21.70,21.30,21.35,-0.05,"1,676"
108/01/16,"9,184,496","200,984,211",21.80,22.15,21.75,21.80,+0.45,"3,618"
108/01/17,"6,043,201","133,115,362",22.05,22.20,21.90,22.05,+0.25,"3,110"
108/01/18,"4,748,489","105,443,701",22.25,22.40,22.00,22.10,+0.05,"2,472"
108/01/21,"3,819,107","84,099,854",22.25,22.25,21.85,22.00,-0.10,"1,695"
108/01/22,"24,583,544","569,058,562",22.20,23.60,22.20,23.05,+1.05,"8,387"
108/01/23,"21,569,923","511,155,797",23.30,23.95,23.30,23.90,+0.85,"8,266"
108/01/24,"7,383,607","174,111,738",23.80,23.80,23.40,23.55,-0.35,"3,391"
108/01/25,"12,751,452","297,647,673",23.45,23.60,23.05,23.40,-0.15,"4,446"
108/01/28,"7,566,048","177,820,918",23.60,23.70,23.25,23.50,+0.10,"2,972"
108/01/29,"6,447,255","150,239,989",23.30,23.55,23.00,23.30,-0.20,"2,548"
108/01/30,"4,599,709","107,286,772",23.25,23.45,23.20,23.30, 0.00,"1,589"
108/02/11,"4,313,152","99,384,977",23.60,23.60,22.80,22.90,-0.40,"1,934"
108/02/12,"6,498,439","152,648,318",23.15,23.75,23.10,23.40,+0.50,"2,280"
108/02/13,"3,791,409","88,333,267",23.45,23.60,23.15,23.35,-0.05,"1,338"
108/02/14,"2,847,815","66,551,677",23.25,23.45,23.20,23.35, 0.00,"1,169"
108/02/15,"5,298,101","122,364,273",23.45,23.45,22.85,22.90,-0.45,"1,835"
108/02/18,"2,453,972","56,453,604",23.10,23.10,22.95,22.95,+0.05,"1,199"
108/02/19,"3,224,810","74,184,857",22.90,23.10,22.90,23.10,+0.15,"1,347"
108/02/20,"13,742,010","324,715,127",23.30,23.90,23.10,23.70,+0.60,"4,694"
108/02/21,"24,693,363","606,276,101",24.00,25.40,23.90,24.80,+1.10,"9,681"
108/02/22,"36,452,794","934,900,375",24.55,26.40,24.55,25.75,+0.95,"14,340"
108/02/25,"21,917,499","567,223,336",25.90,26.30,25.30,25.60,-0.15,"7,874"
108/02/26,"10,542,837","271,883,212",25.90,26.25,25.50,26.10,+0.50,"4,493"
108/02/27,"9,246,294","235,007,444",25.90,26.05,25.20,25.25,-0.85,"3,980"
108/03/04,"11,553,960","292,789,854",25.25,25.95,24.80,25.85,+0.60,"4,604"
108/03/05,"8,752,836","223,967,415",25.80,26.10,25.40,25.40,-0.45,"4,331"
108/03/06,"6,803,442","172,721,383",25.50,25.80,25.15,25.15,-0.25,"3,102"
108/03/07,"6,902,571","172,661,496",25.30,25.40,24.65,24.70,-0.45,"3,487"
108/03/08,"4,847,963","119,538,680",24.65,24.90,24.50,24.60,-0.10,"2,201"
108/03/11,"5,567,925","137,174,437",24.65,24.85,24.50,24.50,-0.10,"2,174"
108/03/12,"9,639,261","239,866,490",24.80,25.25,24.55,24.65,+0.15,"4,548"
108/03/13,"6,819,009","168,971,875",24.70,24.95,24.55,24.95,+0.30,"3,169"
108/03/14,"10,412,085","256,460,844",25.25,25.25,24.30,24.40,-0.55,"4,475"
108/03/15,"11,976,384","291,771,012",24.20,24.80,23.80,24.55,+0.15,"5,002"
108/03/18,"40,337,539","1,055,247,334",25.75,26.70,25.70,26.70,+2.15,"14,227"
108/03/19,"19,299,686","508,656,536",27.05,27.35,25.90,26.00,-0.70,"7,764"
108/03/20,"9,767,469","255,128,194",26.40,26.40,25.95,26.10,+0.10,"5,131"
108/03/21,"6,068,521","158,368,813",26.25,26.35,26.00,26.05,-0.05,"2,517"
108/03/22,"13,538,775","345,808,639",26.20,26.30,25.10,25.35,-0.70,"7,141"
108/03/25,"7,475,189","189,464,878",25.00,25.70,24.90,25.70,+0.35,"3,425"
108/03/26,"7,312,983","189,126,717",25.80,26.25,25.55,25.70, 0.00,"3,447"
108/03/27,"3,466,604","89,641,173",25.95,26.10,25.70,25.90,+0.20,"1,670"
108/03/28,"4,268,714","109,296,937",25.85,25.90,25.50,25.50,-0.40,"2,066"
108/03/29,"14,466,444","379,830,928",25.80,26.75,25.70,26.25,+0.75,"5,539"
108/04/01,"14,514,030","384,767,606",26.50,26.75,26.15,26.70,+0.45,"4,716"
108/04/02,"18,778,487","512,513,559",27.00,27.75,27.00,27.05,+0.35,"8,111"
108/04/03,"17,040,605","469,662,623",27.50,27.85,27.40,27.50,+0.45,"5,335"
108/04/08,"13,738,628","380,318,769",27.90,28.10,27.30,27.75,+0.25,"5,372"
108/04/09,"6,229,937","173,671,205",28.00,28.05,27.75,27.75, 0.00,"2,713"
108/04/10,"22,045,033","625,267,996",27.80,28.80,27.75,27.95,+0.20,"8,141"
108/04/11,"13,734,322","386,172,383",28.50,28.50,27.85,28.25,+0.30,"4,814"
108/04/12,"11,835,714","333,099,877",28.10,28.50,27.50,28.35,+0.10,"4,544"
108/04/15,"15,273,906","434,448,294",28.45,28.70,28.10,28.55,+0.20,"5,641"
108/04/16,"29,294,238","858,952,008",28.55,29.85,28.55,29.10,+0.55,"10,958"
108/04/17,"32,907,074","939,779,358",28.25,28.95,28.25,28.55,-0.55,"8,906"
108/04/18,"21,656,632","617,636,358",28.85,28.95,28.15,28.50,-0.05,"8,825"
108/04/19,"5,781,566","164,881,705",28.80,28.90,28.30,28.30,-0.20,"2,873"
108/04/22,"30,100,259","888,144,270",29.05,30.15,28.60,30.10,+1.80,"11,655"
108/04/23,"18,430,273","532,114,910",29.80,30.00,28.45,28.55,-1.55,"8,379"
108/04/24,"8,975,158","256,698,576",28.70,28.90,28.40,28.70,+0.15,"4,190"
108/04/25,"6,898,461","196,516,686",28.75,28.80,28.25,28.50,-0.20,"3,967"
108/04/26,"6,126,971","174,936,021",28.50,28.75,28.25,28.50, 0.00,"3,150"
108/04/29,"11,380,988","326,133,095",28.75,29.10,28.00,29.00,+0.50,"3,850"
108/04/30,"7,379,655","210,795,173",29.00,29.05,28.35,28.60,-0.40,"3,243"
108/05/02,"4,098,083","116,273,803",28.70,28.70,28.15,28.45,-0.15,"2,282"
108/05/03,"2,757,842","78,856,689",28.60,28.70,28.50,28.65,+0.20,"1,817"
108/05/06,"10,609,836","304,586,351",28.45,28.95,28.20,28.95,+0.30,"4,111"
108/05/07,"13,121,128","387,346,736",29.45,29.90,29.20,29.25,+0.30,"5,603"
108/05/08,"7,072,480","207,404,055",29.00,29.50,28.90,29.45,+0.20,"3,321"
108/05/09,"7,349,530","213,717,670",29.50,29.50,28.80,29.00,-0.45,"3,465"
108/05/10,"14,726,226","431,550,652",29.40,29.90,28.45,28.80,-0.20,"5,709"
108/05/13,"6,186,399","175,881,548",28.55,28.70,28.20,28.40,-0.40,"2,872"
108/05/14,"11,739,985","328,694,767",27.80,28.90,27.10,28.55,+0.15,"4,928"
108/05/15,"16,259,665","481,204,039",28.70,29.90,28.65,29.85,+1.30,"7,084"
108/05/16,"11,231,902","334,855,911",29.85,30.10,29.40,29.40,-0.45,"4,411"
108/05/17,"25,342,495","705,464,027",29.40,29.40,26.65,26.65,-2.75,"10,662"
108/05/20,"19,191,700","503,797,687",26.45,27.35,25.15,27.00,+0.35,"8,268"
108/05/21,"12,920,515","338,151,690",26.70,26.90,25.60,26.40,-0.60,"5,938"
108/05/22,"5,436,862","145,446,173",26.70,26.90,26.55,26.55,+0.15,"2,608"
108/05/23,"10,504,494","267,918,893",25.95,26.10,25.10,25.40,-1.15,"4,790"
108/05/24,"8,419,418","216,568,950",25.15,25.95,25.15,25.40, 0.00,"3,233"
108/05/27,"2,675,006","68,531,898",25.65,25.85,25.50,25.50,+0.10,"1,456"
108/05/28,"8,273,129","208,016,775",25.65,26.00,24.60,24.60,-0.90,"2,317"
108/05/29,"6,361,156","160,314,737",24.80,25.65,24.35,25.60,+1.00,"2,972"
108/05/30,"6,102,119","157,269,894",25.60,26.00,25.55,25.70,+0.10,"2,440"
108/05/31,"4,445,406","116,095,769",25.60,26.40,25.60,26.30,+0.60,"2,178"
108/06/03,"5,170,646","137,455,420",25.90,27.05,25.65,26.90,+0.60,"2,497"
108/06/04,"10,995,489","293,272,656",27.00,27.40,26.00,26.00,-0.90,"5,377"
108/06/05,"7,414,617","193,558,926",26.35,26.50,25.80,25.80,-0.20,"3,505"
108/06/06,"5,564,827","145,266,202",26.15,26.40,25.80,26.00,+0.20,"2,986"
108/06/10,"4,856,613","127,191,223",26.45,26.45,26.05,26.15,+0.15,"3,089"
108/06/11,"3,291,090","86,541,214",26.30,26.40,26.20,26.30,+0.15,"1,770"
108/06/12,"4,291,693","113,333,987",26.40,26.60,26.25,26.30, 0.00,"2,196"
108/06/13,"9,123,320","233,811,133",26.05,26.05,25.45,25.50,-0.80,"4,299"
108/06/14,"7,753,439","198,026,600",25.65,26.00,25.20,25.20,-0.30,"3,636"
108/06/17,"4,966,373","124,735,820",25.20,25.40,24.95,24.95,-0.25,"2,813"
108/06/18,"6,468,937","164,997,122",25.05,25.75,25.05,25.70,+0.75,"3,432"
108/06/19,"10,184,093","267,224,421",26.30,26.45,26.05,26.25,+0.55,"5,229"
108/06/20,"5,363,139","140,902,740",26.25,26.40,26.15,26.30,+0.05,"2,334"
108/06/21,"10,374,355","270,819,982",26.35,26.40,25.80,26.00,-0.30,"3,137"
108/06/24,"7,227,766","191,371,732",26.25,26.70,26.10,26.60,+0.60,"3,005"
108/06/25,"11,684,185","313,149,051",26.85,27.30,26.30,26.30,-0.30,"5,002"
108/06/26,"13,022,296","339,866,284",26.30,26.55,25.90,26.15,-0.15,"4,407"
108/06/27,"14,839,924","397,632,362",26.25,27.10,26.20,26.80,+0.65,"5,989"
108/06/28,"13,544,270","364,288,883",27.10,27.15,26.55,26.80, 0.00,"5,229"
108/07/01,"29,785,130","858,942,620",28.15,29.35,27.80,29.00,+2.20,"10,340"
108/07/02,"13,054,285","377,652,039",29.00,29.20,28.70,28.95,-0.05,"5,626"
108/07/03,"13,352,719","377,588,566",29.00,29.00,28.00,28.00,-0.95,"6,221"
108/07/04,"19,555,192","563,889,268",28.30,29.15,27.85,29.00,+1.00,"8,507"
108/07/05,"17,691,027","519,885,629",29.30,29.70,28.85,29.30,+0.30,"7,617"
108/07/08,"10,916,244","320,763,032",29.30,29.65,29.10,29.25,-0.05,"4,412"
108/07/09,"7,354,751","215,683,657",29.50,29.60,29.15,29.20,-0.05,"3,581"
108/07/10,"8,157,203","240,111,901",29.50,29.65,29.25,29.40,+0.20,"3,305"
108/07/11,"17,882,903","533,338,786",29.70,30.00,29.55,30.00,+0.60,"6,972"
108/07/12,"28,754,241","891,852,551",30.25,31.45,30.25,31.10,+1.10,"12,312"
108/07/15,"17,221,555","541,712,617",31.35,31.75,31.10,31.50,+0.40,"5,965"
108/07/16,"14,061,386","442,410,709",31.70,31.85,31.15,31.40,-0.10,"5,867"
108/07/17,"26,477,507","850,132,260",31.40,32.70,31.30,32.55,+1.15,"10,127"
108/07/18,"19,005,609","586,300,893",31.20,31.40,30.30,30.30,X0.00,"8,631"
108/07/19,"29,700,097","923,136,936",30.80,31.60,30.45,30.45,+0.15,"9,975"
108/07/22,"28,015,200","895,339,244",31.30,32.40,31.15,32.30,+1.85,"12,259"
108/07/23,"22,086,442","711,300,728",32.80,32.90,31.55,32.40,+0.10,"8,983"
108/07/24,"9,455,911","303,335,702",32.40,32.45,31.70,32.05,-0.35,"4,888"
108/07/25,"15,034,168","489,224,530",32.60,32.90,32.25,32.45,+0.40,"6,170"
108/07/26,"6,167,909","200,399,102",32.45,32.65,32.15,32.50,+0.05,"3,303"
108/07/29,"7,948,600","256,072,950",32.60,32.85,31.85,32.00,-0.50,"3,615"
108/07/30,"12,274,512","394,336,830",32.00,32.60,31.65,32.45,+0.45,"5,241"
108/07/31,"12,206,673","393,105,576",32.45,32.70,31.70,32.55,+0.10,"5,048"
108/08/01,"20,138,130","664,037,644",31.85,33.55,31.85,32.90,+0.35,"7,936"
108/08/02,"13,843,595","437,657,212",31.85,32.20,31.10,31.25,-1.65,"6,021"
108/08/05,"15,014,472","469,263,948",31.25,31.90,30.80,30.90,-0.35,"5,962"
108/08/06,"19,791,351","621,255,670",30.05,32.10,30.05,32.10,+1.20,"8,943"
108/08/07,"15,568,328","498,858,121",31.95,32.60,31.60,31.75,-0.35,"6,365"
108/08/08,"19,263,333","612,343,323",31.80,32.15,31.60,31.70,-0.05,"4,200"
108/08/12,"8,832,989","283,466,881",31.90,32.30,31.65,32.15,+0.45,"3,361"
108/08/13,"10,624,832","337,427,718",31.90,32.30,31.25,31.55,-0.60,"3,707"
108/08/14,"13,094,358","415,978,489",32.10,32.25,31.10,31.10,-0.45,"3,814"
108/08/15,"53,799,918","1,758,034,063",31.10,33.60,30.95,33.25,+2.15,"19,704"
108/08/16,"49,562,391","1,705,131,895",34.30,35.20,33.70,34.25,+1.00,"18,548"
108/08/19,"21,810,652","738,899,170",34.65,34.80,33.55,33.80,-0.45,"10,133"
108/08/20,"15,744,668","531,784,070",34.15,34.40,33.30,33.45,-0.35,"7,055"
108/08/21,"47,390,260","1,617,452,351",33.65,35.05,33.30,33.95,+0.50,"18,950"
108/08/22,"28,601,940","987,173,795",34.50,34.95,33.95,34.70,+0.75,"10,874"
108/08/23,"23,884,932","826,341,469",35.00,35.45,34.05,34.05,-0.65,"9,632"
108/08/26,"11,007,895","368,439,721",33.00,33.85,32.80,33.40,-0.65,"4,990"
108/08/27,"8,383,475","283,210,403",34.00,34.15,33.40,33.40, 0.00,"3,727"
108/08/28,"15,167,549","519,626,609",34.20,34.60,33.90,34.20,+0.80,"6,141"
108/08/29,"20,435,436","707,749,033",34.80,35.10,34.30,34.50,+0.30,"8,138"
108/08/30,"13,190,544","456,041,664",35.00,35.00,34.15,34.15,-0.35,"5,122"
108/09/02,"15,214,835","529,593,432",34.40,35.30,34.35,34.80,+0.65,"6,199"
108/09/03,"6,394,354","220,473,697",34.85,34.95,34.30,34.40,-0.40,"3,370"
108/09/04,"9,013,985","309,900,168",34.30,34.65,34.20,34.35,-0.05,"4,594"
108/09/05,"31,692,601","1,116,576,828",35.45,36.90,34.60,34.60,+0.25,"12,991"
108/09/06,"23,308,508","814,919,680",34.80,35.45,34.45,34.95,+0.35,"9,023"
108/09/09,"10,600,022","369,843,552",35.30,35.45,34.55,34.70,-0.25,"4,392"
108/09/10,"7,913,080","270,032,870",34.50,34.60,33.85,34.00,-0.70,"4,052"
108/09/11,"6,667,360","227,158,390",34.35,34.40,33.75,34.10,+0.10,"3,208"
108/09/12,"9,000,470","311,990,416",34.50,34.90,34.35,34.85,+0.75,"3,782"
108/09/16,"7,355,754","253,689,481",34.90,34.95,34.30,34.40,-0.45,"3,171"
108/09/17,"14,741,428","498,210,461",34.25,34.25,33.60,33.65,-0.75,"5,525"
108/09/18,"13,736,327","466,553,309",33.75,34.20,33.70,34.05,+0.40,"4,934"
108/09/19,"11,382,308","388,114,711",34.25,34.45,33.90,34.25,+0.20,"4,315"
108/09/20,"19,631,863","679,904,755",34.35,35.00,34.05,35.00,+0.75,"7,811"
108/09/23,"42,305,122","1,530,518,486",35.70,36.90,35.30,36.60,+1.60,"16,346"
108/09/24,"39,676,974","1,494,106,321",37.10,38.20,37.00,37.45,+0.85,"16,114"
108/09/25,"22,307,589","833,819,986",37.30,37.80,36.80,37.70,+0.25,"8,549"
108/09/26,"39,019,628","1,412,708,370",37.75,37.95,35.00,35.00,-2.70,"16,420"
108/09/27,"20,118,298","702,969,771",35.25,35.65,34.10,34.85,-0.15,"9,399"
108/10/01,"12,015,993","419,974,294",35.35,35.40,34.60,34.85, 0.00,"5,355"
108/10/02,"8,848,861","309,559,585",34.75,35.30,34.40,35.20,+0.35,"4,346"
108/10/03,"14,750,009","509,252,855",34.20,34.85,34.20,34.55,-0.65,"6,535"
108/10/04,"9,707,943","338,773,205",34.80,35.10,34.50,34.95,+0.40,"4,810"
108/10/07,"16,962,608","608,025,158",35.20,36.45,35.20,35.65,+0.70,"7,898"
108/10/08,"8,258,788","295,375,842",35.95,36.00,35.50,35.60,-0.05,"3,940"
108/10/09,"8,182,035","286,114,425",35.20,35.25,34.75,35.00,-0.60,"4,312"
108/10/14,"16,057,500","580,537,711",35.55,36.75,35.50,36.00,+1.00,"6,834"
108/10/15,"9,160,182","331,643,499",36.10,36.45,36.05,36.05,+0.05,"4,122"
108/10/16,"18,531,308","674,127,872",36.20,36.90,35.70,36.45,+0.40,"8,495"
108/10/17,"20,189,241","733,368,701",36.85,37.15,35.60,35.70,-0.75,"8,655"
108/10/18,"16,219,721","582,188,378",36.10,36.50,35.55,35.80,+0.10,"5,174"
108/10/21,"9,092,135","323,405,360",35.90,36.05,35.40,35.70,-0.10,"3,992"
108/10/22,"9,264,291","332,584,328",35.90,36.20,35.70,35.70, 0.00,"3,813"
108/10/23,"14,893,855","542,308,568",35.75,36.70,35.75,36.30,+0.60,"6,532"
108/10/24,"10,497,783","383,481,165",36.60,36.80,36.20,36.75,+0.45,"4,939"
108/10/25,"7,867,854","286,268,049",36.70,36.75,36.15,36.20,-0.55,"3,682"
108/10/28,"31,340,291","1,178,776,058",36.25,38.45,36.25,38.10,+1.90,"13,067"
108/10/29,"27,588,985","1,062,379,411",39.00,39.35,37.55,37.90,-0.20,"13,223"
108/10/30,"8,010,778","303,812,164",38.00,38.25,37.55,38.00,+0.10,"3,476"
108/10/31,"9,395,351","356,936,274",38.05,38.25,37.60,38.25,+0.25,"4,700"
108/11/01,"6,822,323","257,642,395",38.00,38.05,37.55,37.80,-0.45,"3,207"
108/11/04,"8,296,164","314,049,847",38.00,38.30,37.55,37.90,+0.10,"4,565"
108/11/05,"5,512,315","208,136,352",37.90,38.10,37.60,37.85,-0.05,"2,907"
108/11/06,"9,971,974","372,351,567",37.90,37.95,36.75,37.30,-0.55,"4,801"
108/11/07,"7,571,072","280,396,834",37.60,37.75,36.75,36.75,-0.55,"3,689"
108/11/08,"7,496,990","280,056,072",36.85,37.75,36.85,37.45,+0.70,"4,084"
108/11/11,"19,957,746","752,829,115",38.45,38.80,36.80,36.85,-0.60,"8,641"
108/11/12,"40,187,578","1,554,367,328",37.30,39.50,37.20,39.50,+2.65,"15,125"
108/11/13,"16,573,550","640,362,881",39.40,39.40,38.05,38.80,-0.70,"8,183"
108/11/14,"16,729,314","631,412,006",38.45,38.50,37.35,37.50,-1.30,"7,249"
108/11/15,"6,467,311","243,649,758",37.85,38.05,37.30,37.35,-0.15,"3,309"
108/11/18,"8,143,615","309,297,223",37.70,38.20,37.60,38.20,+0.85,"3,497"
108/11/19,"24,661,932","948,354,970",38.55,39.40,37.65,37.65,-0.55,"10,748"
108/11/20,"7,587,677","286,849,535",37.75,38.10,37.40,38.00,+0.35,"3,451"
108/11/21,"6,799,189","257,562,222",37.60,38.25,37.55,38.25,+0.25,"3,218"
108/11/22,"4,747,628","180,740,020",38.25,38.40,37.85,37.95,-0.30,"2,407"
108/11/25,"5,363,073","202,464,991",38.00,38.20,37.55,37.70,-0.25,"2,829"
108/11/26,"8,793,664","329,489,828",37.85,38.00,37.20,37.20,-0.50,"4,736"
108/11/27,"7,201,344","267,603,078",37.45,37.55,37.00,37.00,-0.20,"3,384"
108/11/28,"5,750,920","215,237,155",37.10,37.65,37.10,37.50,+0.50,"2,596"
108/11/29,"8,831,196","326,757,205",37.55,37.55,36.60,36.90,-0.60,"3,919"
108/12/02,"8,150,869","296,164,150",36.90,37.10,36.00,36.25,-0.65,"4,057"
108/12/03,"7,972,127","287,419,524",35.80,36.40,35.80,36.05,-0.20,"3,682"
108/12/04,"6,692,813","241,268,721",35.85,36.35,35.85,36.20,+0.15,"3,238"
108/12/05,"9,429,585","347,484,218",36.40,37.25,36.30,37.15,+0.95,"4,355"
108/12/06,"9,723,346","362,253,312",37.25,37.75,37.00,37.20,+0.05,"4,631"
108/12/09,"11,461,001","433,597,923",37.75,38.20,37.35,37.80,+0.60,"4,711"
108/12/10,"8,147,218","310,082,992",37.80,38.40,37.45,38.40,+0.60,"3,788"
108/12/11,"8,830,096","336,690,598",38.60,38.65,37.90,38.05,-0.35,"4,277"
108/12/12,"11,335,620","432,197,057",38.10,38.40,37.95,38.05, 0.00,"3,974"
108/12/13,"24,184,759","930,892,865",38.20,38.90,37.95,38.60,+0.55,"8,813"
108/12/16,"9,846,332","379,791,765",38.80,38.85,38.00,38.70,+0.10,"4,397"
108/12/17,"11,341,500","442,765,850",38.75,39.40,38.60,39.00,+0.30,"5,460"
108/12/18,"8,536,402","330,748,649",38.90,39.15,38.40,38.85,-0.15,"4,045"
108/12/19,"5,583,693","217,592,882",39.20,39.25,38.80,38.95,+0.10,"2,630"
108/12/20,"11,368,093","440,713,717",39.10,39.20,38.45,38.45,-0.50,"4,637"
108/12/23,"12,198,764","462,088,497",38.45,38.55,37.50,37.60,-0.85,"4,822"
108/12/24,"10,701,563","402,215,648",37.85,37.95,37.20,37.75,+0.15,"5,125"
108/12/25,"2,635,415","99,741,169",37.90,38.00,37.70,38.00,+0.25,"1,428"
108/12/26,"5,563,243","208,864,557",38.00,38.05,37.40,37.45,-0.55,"2,622"
108/12/27,"3,403,956","127,493,688",37.60,37.65,37.35,37.45, 0.00,"1,824"
108/12/30,"6,518,726","246,476,649",37.55,38.15,37.40,37.95,+0.50,"2,776"
108/12/31,"4,622,157","173,578,434",37.60,37.85,37.40,37.55,-0.40,"2,026"
109/01/02,"9,767,496","370,686,288",37.60,38.35,37.40,38.20,+0.65,"4,172"
109/01/03,"23,307,907","883,627,239",38.40,38.65,37.30,37.30,-0.90,"8,793"
109/01/06,"18,959,593","688,467,493",36.60,36.95,35.85,36.05,-1.25,"8,455"
109/01/07,"12,450,821","453,245,265",36.40,36.90,36.05,36.25,+0.20,"4,974"
109/01/08,"9,168,973","330,498,407",35.95,36.30,35.65,36.30,+0.05,"3,832"
109/01/09,"8,133,781","300,170,897",36.75,37.15,36.50,37.00,+0.70,"4,021"
109/01/10,"6,129,342","226,309,405",37.30,37.35,36.60,36.80,-0.20,"2,416"
109/01/13,"4,847,587","180,614,996",37.20,37.40,37.00,37.40,+0.60,"2,456"
109/01/14,"8,055,163","301,467,160",37.50,37.75,37.15,37.50,+0.10,"3,803"
109/01/15,"8,231,640","305,276,330",37.70,37.70,36.85,36.90,-0.60,"3,442"
109/01/16,"5,167,233","191,753,533",37.00,37.45,36.90,37.10,+0.20,"2,557"
109/01/17,"7,937,697","291,386,139",36.90,37.25,36.55,36.65,-0.45,"3,921"
109/01/20,"10,439,153","379,364,375",36.50,36.55,36.20,36.30,-0.35,"4,397"
109/01/30,"21,388,339","717,041,137",34.00,34.25,32.80,32.85,-3.45,"9,323"
109/01/31,"14,084,354","460,720,153",32.85,33.60,32.20,32.65,-0.20,"6,282"
109/02/03,"17,652,334","555,588,173",31.80,32.65,30.00,32.30,-0.35,"8,001"
109/02/04,"8,066,332","263,783,384",31.80,33.10,31.80,32.90,+0.60,"3,475"
109/02/05,"7,802,807","258,247,181",33.05,33.45,32.60,32.75,-0.15,"3,799"
109/02/06,"16,540,200","568,727,600",33.55,35.20,33.40,35.10,+2.35,"6,767"
109/02/07,"12,445,765","422,330,169",34.30,34.40,33.50,33.80,-1.30,"6,056"
109/02/10,"5,232,578","176,980,657",33.00,34.30,32.80,33.95,+0.15,"2,981"
109/02/11,"14,734,873","515,776,080",33.95,35.60,33.85,35.60,+1.65,"6,226"
109/02/12,"12,457,672","445,453,042",35.60,36.10,35.20,36.00,+0.40,"4,855"
109/02/13,"9,061,121","326,847,714",36.05,36.40,35.60,36.00, 0.00,"3,756"
109/02/14,"5,365,941","193,332,914",36.00,36.25,35.90,35.95,-0.05,"2,089"
109/02/17,"7,301,618","258,489,995",35.80,35.85,35.05,35.40,-0.55,"3,685"
109/02/18,"8,327,779","290,262,805",34.95,35.40,34.70,34.70,-0.70,"4,118"
109/02/19,"4,666,168","161,554,158",34.80,34.85,34.30,34.70, 0.00,"2,369"
109/02/20,"2,914,816","101,629,373",34.95,35.10,34.65,34.85,+0.15,"1,562"
109/02/21,"3,196,647","110,601,560",34.70,34.85,34.35,34.40,-0.45,"1,583"
109/02/24,"4,981,962","171,753,170",34.05,35.10,33.90,35.10,+0.70,"2,147"
109/02/25,"5,912,782","203,933,543",34.50,34.90,34.10,34.35,-0.75,"2,740"
109/02/26,"6,434,278","218,137,567",33.95,34.05,33.80,33.80,-0.55,"3,381"
109/02/27,"7,269,169","241,425,686",34.00,34.05,32.75,32.75,-1.05,"3,374"
109/03/02,"8,731,782","280,615,347",31.35,32.60,31.30,32.30,-0.45,"4,268"
109/03/03,"5,837,082","196,232,634",33.80,34.00,33.15,33.50,+1.20,"3,009"
109/03/04,"5,667,281","192,214,711",33.40,34.30,33.10,34.05,+0.55,"3,230"
109/03/05,"4,940,521","170,240,186",34.65,34.85,34.25,34.25,+0.20,"2,436"
109/03/06,"9,506,478","327,668,102",34.75,34.80,34.00,34.00,-0.25,"4,476"
109/03/09,"10,001,130","333,787,540",33.55,34.25,32.80,32.80,-1.20,"4,861"
109/03/10,"7,270,142","241,116,950",32.65,33.60,32.65,33.30,+0.50,"3,186"
109/03/11,"6,969,669","235,189,915",33.45,34.15,33.30,33.50,+0.20,"3,922"
109/03/12,"13,651,161","431,272,602",33.00,33.00,30.75,31.10,-2.40,"6,559"
109/03/13,"17,177,517","511,840,508",28.50,32.35,28.40,30.40,-0.70,"7,984"
109/03/16,"17,067,486","533,055,705",30.60,32.45,30.20,30.50,+0.10,"8,439"
109/03/17,"17,193,799","523,100,170",30.50,31.40,29.90,30.00,-0.50,"7,990"
109/03/18,"15,930,452","493,760,351",30.20,31.75,30.20,30.90,+0.90,"8,131"
109/03/19,"19,230,576","575,897,775",30.90,31.30,28.45,29.60,-1.30,"8,831"
109/03/20,"14,589,114","456,809,884",31.50,31.80,30.70,30.70,+1.10,"7,278"
109/03/23,"13,137,676","393,692,505",29.90,30.90,28.80,29.60,-1.10,"5,657"
109/03/24,"10,920,389","338,568,668",30.55,31.60,30.55,30.85,+1.25,"5,510"
109/03/25,"16,062,170","505,081,479",31.50,32.30,30.90,30.90,+0.05,"7,954"
109/03/26,"15,869,630","503,663,460",31.35,32.30,30.85,32.10,+1.20,"8,349"
109/03/27,"16,569,095","524,374,308",32.70,32.80,30.80,31.00,-1.10,"8,459"
109/03/30,"6,731,348","203,966,156",30.15,30.65,29.80,30.40,-0.60,"3,433"
109/03/31,"8,460,578","255,818,101",30.80,30.85,30.00,30.25,-0.15,"4,671"
109/04/01,"4,734,932","142,649,380",30.35,30.35,29.90,30.15,-0.10,"2,650"
109/04/06,"9,565,146","288,628,844",30.50,30.60,29.80,30.15, 0.00,"4,851"
109/04/07,"12,580,069","390,294,605",30.65,31.70,30.50,31.65,+1.50,"5,722"
109/04/08,"19,997,373","656,038,009",32.30,33.45,32.10,33.05,+1.40,"9,284"
109/04/09,"15,879,521","535,071,397",33.70,34.25,33.10,33.50,+0.45,"7,524"
109/04/10,"9,806,338","330,692,095",33.75,34.30,33.45,33.50, 0.00,"4,655"
109/04/13,"6,380,427","213,998,741",33.55,33.95,33.05,33.50, 0.00,"3,198"
109/04/14,"9,805,782","333,528,446",33.70,34.30,33.70,34.15,+0.65,"4,931"
109/04/15,"11,342,856","392,707,286",34.30,34.95,34.30,34.85,+0.70,"5,545"
109/04/16,"27,167,615","977,194,125",34.85,36.50,34.65,36.35,+1.50,"13,517"
109/04/17,"27,078,387","989,254,307",37.50,37.85,35.50,35.60,-0.75,"12,832"
109/04/20,"11,282,963","400,102,781",35.80,36.00,35.15,35.35,-0.25,"5,304"
109/04/21,"18,025,376","616,190,137",35.10,35.10,33.55,34.00,-1.35,"8,638"
109/04/22,"7,984,262","270,302,307",33.50,34.40,33.00,34.35,+0.35,"3,928"
109/04/23,"6,446,668","221,475,772",34.50,34.75,33.95,34.30,-0.05,"3,399"
109/04/24,"8,471,354","293,958,702",34.20,35.20,33.95,35.20,+0.90,"4,585"
109/04/27,"19,363,353","692,590,115",35.75,36.10,35.30,36.10,+0.90,"7,430"
109/04/28,"9,151,431","329,498,620",36.25,36.45,35.75,35.80,-0.30,"5,090"
109/04/29,"6,475,113","232,003,338",35.85,36.10,35.65,35.75,-0.05,"3,406"
109/04/30,"10,187,861","367,104,096",36.25,36.30,35.85,36.00,+0.25,"4,165"
109/05/04,"9,567,152","336,226,127",35.00,35.50,34.60,35.20,-0.80,"4,767"
109/05/05,"8,874,211","315,686,147",35.65,36.00,35.05,35.95,+0.75,"3,800"
109/05/06,"9,758,554","351,202,200",35.70,36.50,35.30,35.95, 0.00,"4,272"
109/05/07,"15,115,864","550,528,140",36.45,36.70,36.25,36.35,+0.40,"6,635"
109/05/08,"7,339,909","266,834,888",36.80,36.80,36.00,36.35, 0.00,"3,546"
109/05/11,"12,765,401","470,201,902",37.00,37.35,36.40,36.45,+0.10,"5,687"
109/05/12,"9,360,347","341,489,606",36.50,36.90,36.05,36.20,-0.25,"4,681"
109/05/13,"6,842,310","249,172,287",36.20,36.85,36.05,36.60,+0.40,"3,441"
109/05/14,"8,040,367","292,071,992",36.40,36.75,36.00,36.10,-0.50,"4,104"
109/05/15,"8,706,316","311,712,093",36.50,36.65,35.35,35.55,-0.55,"4,382"
109/05/18,"44,539,526","1,451,116,337",33.50,34.45,32.00,32.00,-3.55,"22,077"
109/05/19,"42,020,319","1,310,264,322",32.50,32.55,30.50,31.05,-0.95,"21,098"
109/05/20,"39,757,144","1,212,734,247",30.80,30.95,30.30,30.30,-0.75,"19,321"
109/05/21,"46,274,456","1,472,737,560",31.10,32.35,31.10,32.30,+2.00,"21,867"
109/05/22,"22,698,124","721,484,040",32.05,32.10,31.60,31.60,-0.70,"11,467"
109/05/25,"19,391,160","601,690,052",31.65,31.80,30.35,31.10,-0.50,"10,181"
109/05/26,"16,965,356","529,950,751",31.30,31.45,31.10,31.10, 0.00,"8,161"
109/05/27,"19,999,748","618,983,886",31.15,31.30,30.80,30.80,-0.30,"8,336"
109/05/28,"27,429,862","843,088,206",31.00,31.10,30.50,30.50,-0.30,"11,899"
109/05/29,"27,643,503","834,829,229",30.30,30.60,30.00,30.10,-0.40,"11,866"
109/06/01,"24,754,194","755,989,564",30.35,31.00,30.25,30.95,+0.85,"10,185"
109/06/02,"21,970,031","679,959,057",31.05,31.15,30.70,31.10,+0.15,"9,396"
109/06/03,"24,196,737","760,413,896",31.30,31.70,31.10,31.60,+0.50,"9,496"
109/06/04,"22,329,216","702,504,044",31.80,31.90,31.15,31.40,-0.20,"9,767"
109/06/05,"22,794,296","725,981,522",31.50,32.15,31.40,31.95,+0.55,"9,643"
109/06/08,"40,358,263","1,328,733,879",32.90,33.20,32.50,33.00,+1.05,"18,687"
109/06/09,"21,068,927","689,900,486",33.10,33.25,32.50,32.75,-0.25,"10,692"
109/06/10,"13,760,402","449,937,281",32.95,32.95,32.40,32.90,+0.15,"6,296"
109/06/11,"33,130,100","1,074,882,400",33.00,33.05,31.75,31.80,-1.10,"13,660"
109/06/12,"18,660,678","586,926,639",30.60,32.10,30.60,32.00,+0.20,"8,596"
109/06/15,"13,025,861","415,217,926",32.30,32.30,31.50,31.70,-0.30,"5,967"
109/06/16,"16,159,265","521,333,872",32.20,32.45,31.90,32.45,+0.75,"7,019"
109/06/17,"20,488,590","670,939,251",32.70,33.00,32.30,32.75,+0.30,"9,191"
109/06/18,"15,047,396","493,607,595",32.80,33.00,32.55,32.75, 0.00,"7,173"
109/06/19,"21,025,444","693,591,676",32.90,33.20,32.70,33.20,+0.45,"8,233"
109/06/22,"22,050,168","734,590,555",33.30,33.70,33.00,33.00,-0.20,"9,075"
109/06/23,"17,605,550","583,366,617",33.30,33.40,32.75,33.05,+0.05,"6,630"
109/06/24,"26,232,753","883,599,316",33.50,33.90,33.35,33.60,+0.55,"10,301"
109/06/29,"24,894,264","835,254,464",33.40,34.00,33.10,33.40,-0.20,"10,616"
109/06/30,"23,017,377","782,706,934",33.65,34.45,33.50,34.35,+0.95,"10,325"
109/07/01,"28,746,894","1,003,182,540",34.65,35.20,34.50,34.95,+0.60,"13,297"
109/07/02,"20,368,969","712,884,380",35.05,35.40,34.55,35.40,+0.45,"8,940"
109/07/03,"44,205,574","1,596,771,196",36.35,36.40,35.65,36.20,+0.80,"18,838"
109/07/06,"33,438,199","1,225,177,751",36.25,37.10,36.20,37.10,+0.90,"15,230"
109/07/07,"50,448,738","1,896,663,183",38.00,38.15,36.65,37.80,+0.70,"21,532"
109/07/08,"43,421,621","1,685,661,576",38.20,39.30,38.05,38.95,+1.15,"17,010"
109/07/09,"42,911,758","1,692,892,823",39.90,39.90,38.50,39.55,+0.60,"18,241"
109/07/10,"44,217,711","1,716,608,526",39.75,39.80,38.10,38.55,-1.00,"17,578"
109/07/13,"35,873,429","1,297,591,150",36.75,36.80,35.65,36.20,X0.00,"18,023"
109/07/14,"34,357,877","1,206,404,621",35.70,35.90,34.70,34.75,-1.45,"17,094"
109/07/15,"22,729,447","783,775,270",34.85,35.25,34.00,34.10,-0.65,"11,802"
109/07/16,"20,116,055","693,928,701",34.30,34.95,34.10,34.35,+0.25,"9,246"
109/07/17,"31,670,319","1,103,650,135",34.95,35.40,34.45,34.85,+0.50,"11,823"
109/07/20,"25,394,672","895,728,010",35.45,35.70,34.80,35.20,+0.35,"11,292"
109/07/21,"21,899,043","772,890,671",35.45,35.60,35.00,35.45,+0.25,"8,539"
109/07/22,"11,593,745","411,101,841",35.50,35.60,35.30,35.40,-0.05,"6,010"
109/07/23,"33,727,384","1,217,544,345",35.65,36.60,35.60,36.45,+1.05,"14,372"
109/07/24,"69,906,889","2,586,015,881",36.95,37.50,36.10,36.75,+0.30,"34,278"
109/07/27,"37,268,057","1,343,791,217",36.85,37.25,35.50,35.50,-1.25,"17,021"
109/07/28,"27,879,361","985,967,182",35.50,36.50,34.50,34.80,-0.70,"11,991"
109/07/29,"11,944,952","417,348,712",34.95,35.30,34.70,34.85,+0.05,"5,274"
109/07/30,"12,517,323","439,740,222",35.15,35.45,34.90,35.40,+0.55,"4,991"
109/07/31,"11,088,943","392,386,360",35.55,35.70,35.15,35.50,+0.10,"4,391"
109/08/03,"17,774,148","630,220,228",35.60,35.75,35.10,35.45,-0.05,"8,015"
109/08/04,"22,139,523","783,668,411",35.60,35.75,35.15,35.30,-0.15,"9,696"
109/08/05,"36,257,128","1,296,143,789",35.60,36.20,35.50,35.70,+0.40,"15,241"
109/08/06,"23,853,606","843,057,391",36.00,36.00,35.00,35.05,-0.65,"11,112"
109/08/07,"20,998,615","725,400,394",35.05,35.05,34.30,34.45,-0.60,"11,443"
109/08/10,"45,891,090","1,642,710,638",35.05,36.40,34.80,35.60,+1.15,"18,345"
109/08/11,"19,576,549","698,412,560",35.75,36.00,35.50,35.65,+0.05,"8,655"
109/08/12,"18,867,720","673,705,215",35.65,35.90,35.45,35.80,+0.15,"7,335"
109/08/13,"17,994,154","637,482,973",36.00,36.05,35.05,35.50,-0.30,"9,195"
109/08/14,"23,286,755","834,027,744",35.65,36.00,35.50,35.80,+0.30,"9,600"
109/08/17,"20,045,525","723,948,311",36.00,36.30,35.85,36.10,+0.30,"8,869"
109/08/18,"43,513,114","1,506,535,422",36.00,36.05,34.00,34.45,-1.65,"24,267"
109/08/19,"41,875,204","1,408,524,458",34.30,34.65,32.80,32.95,-1.50,"20,026"
109/08/20,"35,471,629","1,124,994,345",32.50,32.55,31.05,31.45,-1.50,"15,885"
109/08/21,"19,024,697","607,616,493",32.00,32.30,31.65,31.75,+0.30,"9,036"
109/08/24,"23,473,566","729,197,038",31.65,31.70,30.85,31.20,-0.55,"10,303"
109/08/25,"14,331,832","449,401,332",31.25,31.65,31.10,31.40,+0.20,"6,360"
109/08/26,"15,094,654","470,271,147",31.40,31.45,31.05,31.20,-0.20,"6,854"
109/08/27,"17,597,426","554,402,219",31.40,31.90,31.15,31.45,+0.25,"8,102"
109/08/28,"7,460,309","233,649,817",31.40,31.50,31.10,31.50,+0.05,"3,644"
109/08/31,"14,671,538","461,404,792",31.50,31.80,31.20,31.20,-0.30,"6,331"
109/09/01,"13,766,219","427,198,797",31.20,31.30,30.80,31.05,-0.15,"7,151"
109/09/02,"12,686,531","394,477,386",31.20,31.45,30.90,31.00,-0.05,"6,230"
109/09/03,"19,066,719","594,133,574",31.30,31.45,30.90,30.95,-0.05,"8,701"
109/09/04,"12,315,642","377,827,610",30.50,31.20,30.15,31.15,+0.20,"5,489"
109/09/07,"13,094,614","408,652,555",31.20,31.40,30.90,31.40,+0.25,"5,605"
109/09/08,"10,109,585","317,622,438",31.45,31.70,31.25,31.25,-0.15,"4,914"
109/09/09,"9,248,970","286,235,899",31.05,31.30,30.70,31.20,-0.05,"4,461"
109/09/10,"14,509,858","448,272,748",31.35,31.40,30.75,30.80,-0.40,"7,713"
109/09/11,"10,411,338","318,373,985",30.80,30.80,30.50,30.55,-0.25,"4,606"
109/09/14,"10,354,752","319,868,553",30.60,31.05,30.60,31.00,+0.45,"4,210"
109/09/15,"16,732,877","526,732,490",31.15,31.70,31.05,31.55,+0.55,"6,674"
109/09/16,"12,002,363","378,337,315",31.75,31.85,31.35,31.35,-0.20,"5,541"
109/09/17,"10,308,245","319,864,958",31.35,31.35,30.90,30.95,-0.40,"4,980"
109/09/18,"8,376,570","259,783,706",31.00,31.30,30.80,31.30,+0.35,"3,104"
109/09/21,"16,429,880","504,977,207",31.30,31.30,30.50,30.50,-0.80,"6,932"
109/09/22,"15,077,591","454,203,392",30.40,30.40,29.85,30.15,-0.35,"6,039"
109/09/23,"16,767,017","500,455,042",30.30,30.35,29.70,29.75,-0.40,"7,281"
109/09/24,"14,893,137","445,928,510",29.60,30.25,29.45,29.90,+0.15,"6,623"
109/09/25,"14,051,648","423,320,335",30.20,30.50,29.90,30.50,+0.60,"5,845"
109/09/28,"10,055,401","308,938,144",30.75,30.90,30.60,30.65,+0.15,"4,834"
109/09/29,"6,202,686","188,963,845",30.80,30.80,30.35,30.40,-0.25,"3,007"
109/09/30,"3,934,563","120,032,022",30.45,30.65,30.30,30.50,+0.10,"1,725"
109/10/05,"3,710,331","113,386,915",30.45,30.70,30.40,30.60,+0.10,"2,242"
109/10/06,"7,135,629","218,057,291",30.75,30.75,30.35,30.45,-0.15,"3,342"
109/10/07,"9,610,843","290,380,652",30.35,30.45,30.05,30.10,-0.35,"4,393"
109/10/08,"14,833,411","453,207,828",30.25,30.80,30.15,30.75,+0.65,"5,943"
109/10/12,"7,165,280","220,087,348",30.95,30.95,30.50,30.75, 0.00,"3,041"
109/10/13,"6,896,670","208,677,595",30.70,30.70,30.10,30.25,-0.50,"3,326"
109/10/14,"4,554,324","138,602,675",30.30,30.65,30.30,30.45,+0.20,"2,013"
109/10/15,"5,727,173","174,679,326",30.45,30.70,30.25,30.55,+0.10,"2,323"
109/10/16,"4,779,401","145,922,105",30.65,30.75,30.30,30.30,-0.25,"2,198"
109/10/19,"4,718,791","143,831,523",30.40,30.60,30.40,30.50,+0.20,"1,707"
109/10/20,"14,461,117","448,195,627",30.70,31.30,30.65,30.95,+0.45,"6,463"
109/10/21,"6,971,283","215,870,473",31.20,31.25,30.80,30.90,-0.05,"3,364"
109/10/22,"9,766,627","302,497,474",30.90,31.15,30.70,31.15,+0.25,"2,467"
109/10/23,"5,157,768","160,164,925",31.20,31.20,30.90,31.10,-0.05,"2,358"
109/10/26,"7,081,061","218,079,460",31.20,31.20,30.70,30.70,-0.40,"3,288"
109/10/27,"8,125,042","246,542,482",30.30,30.45,30.20,30.35,-0.35,"3,654"
109/10/28,"6,410,982","194,968,752",30.35,30.60,30.30,30.40,+0.05,"2,607"
109/10/29,"6,955,374","209,507,328",30.00,30.35,29.90,30.25,-0.15,"2,864"
109/10/30,"7,249,252","218,134,716",30.30,30.40,29.95,29.95,-0.30,"3,023"
109/11/02,"6,659,778","199,583,539",30.15,30.20,29.80,30.05,+0.10,"3,283"
109/11/03,"4,722,219","142,935,208",30.20,30.45,30.10,30.25,+0.20,"2,271"
109/11/04,"17,059,811","528,881,998",30.50,31.35,30.45,31.05,+0.80,"7,576"
109/11/05,"30,427,479","964,487,023",31.40,31.95,31.15,31.90,+0.85,"13,397"
109/11/06,"26,707,706","853,660,407",32.40,32.55,31.50,31.85,-0.05,"11,011"
109/11/09,"13,982,695","446,416,425",32.15,32.25,31.70,31.95,+0.10,"6,341"
109/11/10,"14,573,631","466,398,848",32.10,32.20,31.65,32.15,+0.20,"6,197"
109/11/11,"12,742,820","412,363,186",32.15,32.50,32.10,32.35,+0.20,"6,496"
109/11/12,"10,777,949","348,666,635",32.60,32.70,32.10,32.15,-0.20,"4,319"
109/11/13,"6,923,470","222,088,833",32.15,32.25,31.85,32.15, 0.00,"3,045"
109/11/16,"12,841,148","417,065,077",32.50,32.60,32.35,32.50,+0.35,"5,064"
109/11/17,"11,498,286","376,245,080",32.75,33.00,32.50,32.55,+0.05,"5,128"
109/11/18,"8,110,651","263,249,933",32.55,32.60,32.25,32.50,-0.05,"4,065"
109/11/19,"6,718,990","218,154,371",32.50,32.65,32.30,32.35,-0.15,"4,415"
109/11/20,"7,468,144","241,895,680",32.30,32.50,32.20,32.50,+0.15,"3,912"
109/11/23,"32,623,330","1,095,122,728",32.70,34.00,32.65,33.90,+1.40,"13,868"
109/11/24,"26,660,566","905,913,560",33.95,34.60,33.50,33.90, 0.00,"11,771"
109/11/25,"13,568,669","458,410,171",34.20,34.40,33.35,33.70,-0.20,"6,452"
109/11/26,"15,598,740","532,711,572",34.10,34.40,34.00,34.20,+0.50,"6,608"
109/11/27,"22,111,736","767,936,444",34.60,34.95,34.35,34.90,+0.70,"10,570"
109/11/30,"32,064,716","1,141,312,194",35.20,35.90,35.20,35.40,+0.50,"13,032"
109/12/01,"16,673,108","590,450,653",35.70,35.85,35.00,35.55,+0.15,"7,707"
109/12/02,"13,480,712","478,140,353",35.85,35.85,35.30,35.45,-0.10,"5,648"
109/12/03,"18,301,108","640,941,404",35.50,35.50,34.65,34.90,-0.55,"8,195"
109/12/04,"23,133,772","820,889,239",35.05,35.75,35.05,35.60,+0.70,"10,403"
109/12/07,"27,421,129","981,463,364",36.00,36.40,35.30,35.95,+0.35,"11,287"
109/12/08,"20,811,805","747,563,142",36.00,36.25,35.60,35.95, 0.00,"9,205"
109/12/09,"18,289,068","662,289,420",36.10,36.50,36.00,36.15,+0.20,"8,329"
109/12/10,"17,224,899","619,305,249",36.30,36.30,35.50,35.80,-0.35,"7,807"
109/12/11,"17,941,384","632,314,879",35.85,36.00,34.60,35.35,-0.45,"7,830"
109/12/14,"7,474,384","264,708,178",35.55,35.70,35.05,35.45,+0.10,"3,463"
109/12/15,"11,044,481","385,527,594",35.50,35.60,34.60,34.70,-0.75,"5,068"
109/12/16,"8,421,803","295,757,892",35.00,35.30,34.90,35.05,+0.35,"4,338"
109/12/17,"6,521,390","226,736,350",35.10,35.10,34.65,34.75,-0.30,"3,224"
109/12/18,"23,348,330","795,366,786",34.75,34.85,33.80,34.00,-0.75,"10,519"
109/12/21,"12,039,255","408,728,137",34.00,34.20,33.60,34.20,+0.20,"5,678"
109/12/22,"10,240,540","349,540,481",34.20,34.60,33.65,33.65,-0.55,"4,955"
109/12/23,"10,446,091","351,985,941",33.70,34.00,33.55,33.55,-0.10,"4,742"
109/12/24,"8,041,046","272,437,629",33.65,34.10,33.65,33.70,+0.15,"3,306"
109/12/25,"12,228,942","420,913,251",34.00,34.70,33.95,34.60,+0.90,"5,813"
109/12/28,"15,048,775","526,748,899",35.30,35.30,34.70,35.00,+0.40,"7,206"
109/12/29,"9,952,499","343,942,327",35.00,35.00,34.40,34.45,-0.55,"4,979"
109/12/30,"4,658,289","161,195,097",34.70,34.80,34.50,34.60,+0.15,"2,403"
109/12/31,"7,446,999","258,811,188",34.65,34.95,34.60,34.75,+0.15,"3,004"
110/01/04,"7,908,385","276,100,373",35.00,35.10,34.80,34.95,+0.20,"3,644"
110/01/05,"9,941,277","347,068,554",34.95,35.15,34.50,35.10,+0.15,"5,159"
110/01/06,"22,754,986","798,613,830",35.20,35.60,34.60,34.70,-0.40,"9,466"
110/01/07,"17,349,890","614,006,994",35.30,35.65,35.10,35.15,+0.45,"7,852"
110/01/08,"15,202,717","538,507,655",35.75,35.80,35.25,35.50,+0.35,"6,506"
110/01/11,"16,362,898","585,569,114",35.50,36.00,35.50,35.95,+0.45,"7,327"
110/01/12,"31,706,182","1,148,444,070",36.10,36.80,35.65,35.75,-0.20,"13,530"
110/01/13,"26,080,794","944,306,538",36.10,36.50,35.70,36.40,+0.65,"10,797"
110/01/14,"17,762,112","647,271,429",36.70,36.70,36.10,36.40, 0.00,"7,517"
110/01/15,"23,460,402","853,249,888",36.60,36.70,35.80,36.20,-0.20,"9,060"
110/01/18,"34,073,755","1,249,606,834",36.45,37.15,35.60,37.00,+0.80,"14,785"
110/01/19,"100,774,331","3,909,914,563",37.60,39.75,37.60,38.30,+1.30,"45,110"
110/01/20,"76,867,440","2,979,593,849",38.90,39.60,37.50,39.00,+0.70,"34,160"
110/01/21,"102,353,692","4,069,269,551",39.50,40.90,38.55,39.00, 0.00,"40,868"
110/01/22,"86,069,624","3,479,500,225",39.30,41.25,39.00,41.20,+2.20,"35,100"
110/01/25,"66,358,460","2,711,391,027",41.95,42.55,39.70,40.75,-0.45,"28,459"
110/01/26,"42,765,493","1,708,147,375",40.70,41.10,39.00,39.15,-1.60,"19,544"
110/01/27,"22,488,761","878,190,965",39.65,39.75,38.60,39.10,-0.05,"10,221"
110/01/28,"26,955,000","1,026,200,544",37.85,38.55,37.65,38.40,-0.70,"12,737"
110/01/29,"23,336,882","881,623,845",38.85,39.00,36.95,37.00,-1.40,"10,885"
110/02/01,"16,479,166","605,451,803",36.70,37.30,36.10,37.15,+0.15,"8,348"
110/02/02,"12,744,618","480,203,769",37.40,37.95,37.25,37.80,+0.65,"5,733"
110/02/03,"13,283,263","495,189,446",37.80,37.85,37.00,37.10,-0.70,"6,218"
110/02/04,"10,555,224","389,915,097",37.00,37.40,36.60,36.75,-0.35,"5,167"
110/02/05,"35,417,789","1,350,253,305",37.25,38.65,36.95,38.50,+1.75,"16,534"
110/02/17,"42,366,453","1,699,061,711",40.90,40.95,39.45,40.00,+1.50,"20,595"
110/02/18,"20,584,664","827,942,686",40.45,40.60,39.85,40.20,+0.20,"9,828"
110/02/19,"20,996,610","838,495,778",40.00,40.40,39.55,40.35,+0.15,"9,244"
110/02/22,"23,491,153","941,708,638",40.35,40.55,39.90,40.10,-0.25,"10,314"
110/02/23,"24,116,694","945,633,437",39.55,39.55,38.80,39.25,-0.85,"12,938"
110/02/24,"20,867,231","821,782,363",39.15,39.95,39.00,39.00,-0.25,"8,805"
110/02/25,"46,688,857","1,877,351,293",39.75,40.90,39.30,40.90,+1.90,"18,682"
110/02/26,"32,286,545","1,289,096,164",39.85,40.30,39.75,39.80,-1.10,"13,658"
110/03/02,"22,908,385","919,711,262",40.30,40.85,39.30,39.80, 0.00,"9,213"
110/03/03,"21,893,140","857,050,613",39.80,39.95,38.80,39.25,-0.55,"10,053"
110/03/04,"15,735,910","608,773,776",38.85,39.00,38.50,38.60,-0.65,"7,836"
110/03/05,"10,311,239","393,327,713",37.95,38.50,37.70,38.35,-0.25,"5,476"
110/03/08,"12,411,372","478,518,885",38.85,39.00,38.20,38.30,-0.05,"5,520"
110/03/09,"16,328,095","635,005,272",38.60,39.20,38.30,39.20,+0.90,"7,554"
110/03/10,"12,710,802","500,390,105",39.50,39.65,39.05,39.55,+0.35,"5,602"
110/03/11,"17,079,547","681,736,688",39.80,40.25,39.50,40.05,+0.50,"8,251"
110/03/12,"15,112,893","605,396,473",40.40,40.60,39.60,39.90,-0.15,"7,349"
110/03/15,"32,628,224","1,327,922,799",40.25,41.15,40.20,40.45,+0.55,"13,785"
110/03/16,"20,940,278","856,233,225",40.95,41.15,40.70,40.85,+0.40,"9,145"
110/03/17,"16,743,397","684,414,782",41.20,41.40,40.50,40.80,-0.05,"8,012"
110/03/18,"22,246,449","916,039,181",41.15,41.40,40.85,41.25,+0.45,"9,979"
110/03/19,"13,750,174","559,881,060",40.95,41.15,40.55,40.75,-0.50,"6,666"
110/03/22,"13,885,930","558,897,776",40.75,40.80,39.85,40.70,-0.05,"7,438"
110/03/23,"32,572,848","1,335,086,197",41.00,41.80,40.60,41.75,+1.05,"14,623"
110/03/24,"25,283,704","1,040,582,777",41.65,42.00,40.75,40.95,-0.80,"12,118"
110/03/25,"13,510,957","550,453,903",40.85,41.40,40.35,40.65,-0.30,"5,396"
110/03/26,"9,478,116","387,326,406",40.90,41.15,40.65,40.90,+0.25,"4,542"
110/03/29,"9,164,581","376,536,289",41.25,41.45,40.90,41.05,+0.15,"4,919"
110/03/30,"16,387,510","677,582,548",41.35,41.60,41.15,41.55,+0.50,"7,184"
110/03/31,"21,038,138","875,710,816",41.90,42.15,41.20,41.20,-0.35,"9,257"
110/04/01,"14,631,970","610,186,088",41.70,42.00,41.35,41.80,+0.60,"6,880"
110/04/06,"22,647,307","957,359,030",42.40,42.75,42.00,42.10,+0.30,"11,145"
110/04/07,"17,241,068","728,030,749",42.30,42.65,41.75,42.65,+0.55,"8,802"
110/04/08,"20,768,889","895,117,690",42.85,43.50,42.40,43.45,+0.80,"10,642"
110/04/09,"27,237,366","1,206,040,641",44.50,44.90,43.65,44.05,+0.60,"13,897"
110/04/12,"15,561,158","679,133,902",44.20,44.45,43.30,43.30,-0.75,"8,325"
110/04/13,"19,256,799","823,674,950",43.30,43.45,42.10,42.15,-1.15,"9,016"
110/04/14,"22,770,655","947,959,477",42.30,42.55,40.60,42.20,+0.05,"9,966"
110/04/15,"28,982,755","1,259,905,396",42.60,44.20,42.25,44.20,+2.00,"13,305"
110/04/16,"21,718,451","957,112,927",44.55,44.70,43.50,44.15,-0.05,"10,280"
110/04/19,"11,332,698","495,602,413",44.20,44.20,43.60,43.65,-0.50,"5,475"
110/04/20,"10,257,622","451,335,523",43.70,44.30,43.65,43.90,+0.25,"5,269"
110/04/21,"14,384,294","634,624,612",44.00,44.35,43.85,44.25,+0.35,"6,502"
110/04/22,"25,644,047","1,134,588,744",44.90,45.35,43.20,43.30,-0.95,"11,473"
110/04/23,"33,682,213","1,512,347,796",43.60,45.35,43.40,45.35,+2.05,"15,578"
110/04/26,"40,021,148","1,904,506,731",46.00,48.95,46.00,48.30,+2.95,"19,260"
110/04/27,"16,788,037","803,173,067",48.10,48.30,47.20,48.20,-0.10,"8,613"
110/04/28,"35,182,325","1,747,517,697",49.40,50.70,48.60,49.10,+0.90,"18,077"
110/04/29,"35,197,504","1,779,390,252",50.30,52.00,49.30,49.50,+0.40,"16,375"
110/05/03,"19,238,712","953,113,643",49.55,50.40,48.55,49.00,-0.50,"10,330"
110/05/04,"37,767,647","1,787,840,649",49.00,49.50,45.10,48.15,-0.85,"18,457"
110/05/05,"22,996,707","1,100,863,148",48.45,49.30,46.50,46.50,-1.65,"12,121"
110/05/06,"17,158,368","795,723,758",47.20,47.40,45.40,45.90,-0.60,"7,793"
110/05/07,"13,383,539","632,547,012",46.85,48.00,46.15,47.45,+1.55,"7,001"
110/05/10,"22,622,093","1,087,769,442",48.00,49.45,47.20,47.50,+0.05,"10,187"
110/05/11,"19,232,795","892,936,042",46.90,47.35,45.10,45.80,-1.70,"7,729"
110/05/12,"28,191,520","1,218,020,423",45.50,45.85,41.25,42.95,-2.85,"13,870"
110/05/13,"17,706,055","747,934,156",41.90,43.50,40.30,42.05,-0.90,"9,079"
110/05/14,"13,189,752","564,790,355",43.50,44.10,42.05,42.25,+0.20,"6,562"
110/05/17,"16,109,524","642,970,980",39.10,41.80,38.65,39.45,-2.80,"7,651"
110/05/18,"15,926,733","660,932,728",40.60,42.45,40.10,42.15,+2.70,"8,190"
110/05/19,"15,348,601","630,038,724",41.25,41.95,40.50,41.30,-0.85,"7,466"
110/05/20,"10,706,676","433,324,609",40.50,41.15,40.15,40.20,-1.10,"5,404"
110/05/21,"7,876,634","318,904,928",40.90,41.20,40.15,40.40,+0.20,"4,150"
110/05/24,"8,882,335","355,939,568",40.20,40.75,39.75,40.65,+0.25,"4,243"
110/05/25,"14,104,919","591,768,709",41.35,42.60,41.05,42.05,+1.40,"6,909"
110/05/26,"7,303,697","308,737,358",42.40,42.95,41.90,42.00,-0.05,"3,574"
110/05/27,"5,683,825","237,082,546",42.00,42.15,41.15,41.80,-0.20,"2,721"
110/05/28,"10,503,256","448,030,739",42.40,43.15,42.10,42.75,+0.95,"5,194"
110/05/31,"9,607,824","414,075,675",43.20,43.45,42.70,43.20,+0.45,"4,553"
110/06/01,"9,838,307","432,894,464",43.45,44.80,43.30,43.75,+0.55,"5,191"
110/06/02,"9,984,055","431,444,568",43.85,43.90,42.75,43.20,-0.55,"4,806"
110/06/03,"31,309,962","1,312,668,445",41.80,42.50,41.20,42.20,-1.00,"15,867"
110/06/04,"29,130,303","1,212,079,243",41.30,42.30,41.00,41.70,-0.50,"14,084"
110/06/07,"55,428,246","2,297,271,540",40.80,42.50,40.20,42.50,+0.80,"26,193"
110/06/08,"35,902,703","1,491,869,446",41.80,42.20,41.05,42.15,-0.35,"17,994"
110/06/09,"17,280,140","724,163,834",41.80,42.35,41.60,41.75,-0.40,"7,953"
110/06/10,"16,780,902","709,734,222",42.00,42.85,41.90,42.15,+0.40,"7,490"
110/06/11,"11,379,390","484,699,493",42.50,42.95,42.20,42.90,+0.75,"5,992"
110/06/15,"19,311,262","816,694,071",43.35,43.35,41.60,42.25,-0.65,"8,832"
110/06/16,"10,346,688","436,188,234",41.95,42.50,41.80,42.10,-0.15,"4,441"
110/06/17,"9,531,680","406,660,894",42.20,43.15,42.05,43.15,+1.05,"4,493"
110/06/18,"13,224,627","564,092,872",43.35,43.35,42.25,42.25,-0.90,"5,338"
110/06/21,"10,288,021","429,585,896",42.10,42.45,41.50,41.50,-0.75,"5,459"
110/06/22,"6,754,793","281,739,313",42.00,42.10,41.50,41.50, 0.00,"3,340"
110/06/23,"10,886,878","462,225,478",41.75,43.00,41.65,42.90,+1.40,"5,100"
110/06/24,"7,136,705","304,037,632",43.25,43.25,42.25,42.40,-0.50,"3,691"
110/06/25,"6,695,206","283,673,512",42.55,42.80,42.05,42.15,-0.25,"3,248"
110/06/28,"4,605,489","194,153,405",42.30,42.45,41.90,42.25,+0.10,"2,191"
110/06/29,"16,081,897","689,829,619",42.50,43.35,42.20,42.70,+0.45,"7,193"
110/06/30,"32,155,830","1,425,023,647",43.20,45.00,43.10,44.90,+2.20,"14,495"
110/07/01,"16,760,685","739,310,393",44.80,44.85,43.70,43.85,-1.05,"8,240"
110/07/02,"8,300,246","361,019,375",43.75,43.80,43.25,43.60,-0.25,"3,935"
110/07/05,"6,956,247","307,767,775",43.85,44.50,43.75,44.35,+0.75,"3,742"
110/07/06,"7,152,450","317,350,448",44.40,44.75,44.00,44.40,+0.05,"4,331"
110/07/07,"7,897,292","347,926,229",44.40,44.60,43.70,44.00,-0.40,"4,502"
110/07/08,"5,774,126","253,843,756",44.05,44.45,43.65,43.70,-0.30,"3,031"
110/07/09,"7,449,636","326,379,118",43.50,44.30,43.20,43.60,-0.10,"3,730"
110/07/12,"6,206,149","273,777,861",44.05,44.40,43.75,44.40,+0.80,"3,275"
110/07/13,"16,137,019","716,911,344",44.80,45.30,43.65,43.80,-0.60,"8,504"
110/07/14,"23,530,478","1,064,041,437",44.80,46.45,44.60,44.65,+0.85,"11,888"
110/07/15,"10,107,806","453,202,106",45.10,45.20,44.55,44.90,+0.25,"5,397"
110/07/16,"14,805,128","671,114,778",44.60,45.80,44.50,45.40,+0.50,"6,674"
110/07/19,"11,397,130","520,258,814",45.70,46.10,45.25,45.50,+0.10,"5,479"
110/07/20,"10,791,411","486,966,289",45.00,45.60,44.70,45.00,-0.50,"5,541"
110/07/21,"12,504,417","567,070,686",45.95,45.95,44.80,45.30,+0.30,"6,020"
110/07/22,"39,111,182","1,844,065,138",45.85,48.00,45.75,47.95,+2.65,"19,485"
110/07/23,"30,641,463","1,454,504,047",48.40,48.65,46.65,46.75,-1.20,"16,175"
110/07/26,"12,904,785","610,890,408",46.75,47.95,46.65,47.50,+0.75,"5,977"
110/07/27,"12,460,033","590,537,312",47.70,48.10,46.85,46.85,-0.65,"6,432"
110/07/28,"13,505,225","614,695,713",46.50,46.70,43.90,45.50,-1.35,"6,891"
110/07/29,"6,219,460","285,243,870",46.20,46.25,45.25,45.95,+0.45,"3,473"
110/07/30,"15,298,543","720,594,859",46.50,47.95,46.30,46.40,+0.45,"8,105"
110/08/02,"9,124,218","429,795,914",46.80,47.65,46.70,46.95,+0.55,"4,643"
110/08/03,"28,938,099","1,393,126,999",47.80,48.75,47.80,48.00,+1.05,"13,868"
110/08/04,"18,273,732","881,824,885",48.40,48.75,47.80,48.20,+0.20,"8,411"
110/08/05,"27,616,596","1,353,409,597",48.50,49.90,48.05,49.90,+1.70,"12,410"
110/08/06,"46,271,977","2,340,011,370",50.50,51.40,49.55,50.30,+0.40,"24,028"
110/08/09,"26,328,936","1,305,186,166",50.20,50.80,48.50,48.55,-1.75,"14,306"
110/08/10,"18,779,385","902,415,105",48.55,49.05,47.30,47.85,-0.70,"9,925"
110/08/11,"17,025,694","815,999,646",47.80,48.70,47.05,48.00,+0.15,"8,503"
110/08/12,"13,672,359","654,785,986",47.90,48.40,47.40,47.80,-0.20,"6,422"
110/08/13,"21,607,969","995,470,374",48.00,48.00,45.00,45.00,-2.80,"11,740"
110/08/16,"10,372,671","466,102,415",45.10,45.65,44.50,44.70,-0.30,"4,920"
110/08/17,"13,705,306","603,121,612",45.15,45.25,43.20,43.20,-1.50,"7,233"
110/08/18,"20,537,151","907,442,161",42.85,45.25,42.55,45.00,+1.80,"6,857"
110/08/19,"30,581,079","1,277,786,657",42.40,42.40,40.70,40.70,X0.00,"12,508"
110/08/20,"14,677,569","605,376,065",41.35,41.80,40.65,41.50,+0.80,"6,071"
110/08/23,"14,114,902","601,971,218",42.50,43.00,42.20,42.70,+1.20,"6,968"
110/08/24,"12,826,403","551,911,881",43.00,43.80,42.50,43.55,+0.85,"5,094"
110/08/25,"8,326,690","365,527,244",43.55,44.25,43.20,44.10,+0.55,"4,565"
110/08/26,"16,506,933","740,528,390",44.10,45.20,44.10,45.15,+1.05,"7,974"
110/08/27,"20,662,380","947,168,122",45.00,46.65,44.80,45.65,+0.50,"10,771"
110/08/30,"9,796,474","449,381,131",45.85,46.40,45.35,45.75,+0.10,"5,027"
110/08/31,"9,322,135","421,228,031",45.65,45.70,44.70,45.60,-0.15,"4,931"
110/09/01,"10,920,092","502,356,367",45.80,46.50,45.45,46.40,+0.80,"5,815"
110/09/02,"9,970,582","454,977,845",46.15,46.45,45.00,45.00,-1.40,"5,664"
110/09/03,"16,364,879","754,953,899",45.55,46.60,45.40,46.40,+1.40,"7,366"
110/09/06,"13,583,223","628,586,151",47.00,47.25,45.70,45.75,-0.65,"6,297"
110/09/07,"8,223,045","372,707,376",45.80,46.20,44.90,45.35,-0.40,"4,750"
110/09/08,"14,156,666","623,969,015",45.00,45.15,43.55,43.65,-1.70,"7,649"
110/09/09,"14,414,437","629,726,304",43.60,44.10,43.40,43.80,+0.15,"6,694"
110/09/10,"6,487,272","288,238,292",43.90,45.00,43.85,44.85,+1.05,"3,430"
110/09/13,"6,681,946","297,037,407",44.85,45.15,44.10,44.20,-0.65,"4,035"
110/09/14,"5,391,008","236,970,753",44.45,44.50,43.70,43.80,-0.40,"3,330"
110/09/15,"5,341,176","232,367,492",43.80,44.15,43.25,43.30,-0.50,"3,245"
110/09/16,"3,696,686","160,468,957",43.50,43.85,43.20,43.30, 0.00,"2,122"
110/09/17,"5,813,399","250,739,803",43.50,43.50,42.80,43.20,-0.10,"2,994"
110/09/22,"9,992,469","421,522,092",42.00,42.75,41.80,42.00,-1.20,"4,922"
110/09/23,"10,116,412","434,277,654",42.55,43.60,42.50,42.50,+0.50,"5,490"
